uid,S-MHA Error,S-MHA Uncertainty,Testing Fold,E-MHA Error,E-MHA Uncertainty,E-CPV Error,E-CPV Uncertainty,E-CPV Uncertainty bins,E-MHA Uncertainty bins,S-MHA Uncertainty bins
366_F0,16.1245154965971,0.32555035,0,3.605551275463989,0.3811730682849884,5.0990195135927845,5.12206997871399,0,0,2
208_F0,10.770329614269007,0.6530437,0,12.083045973594572,0.4082978904247284,10.198039027185567,7.8633091926574705,2,0,0
318_F0,27.29468812791236,0.41815194,0,28.0178514522438,0.3759361922740936,30.59411708155671,6.900376510620117,1,0,0
195_F0,13.892443989449804,0.35334417,0,8.06225774829855,0.3357897073030472,5.385164807134504,7.916203451156616,2,1,1
194_F0,22.47220505424423,0.42911792,0,16.401219466856727,0.3584473773837089,19.235384061671343,4.901654052734375,0,0,0
336_F0,16.1245154965971,0.3870876,0,17.4928556845359,0.2509417504072189,6.0,31.84905815124512,2,2,1
329_F0,2.23606797749979,0.33916375,0,7.615773105863909,0.3068253397941589,9.055385138137416,6.54639368057251,1,1,1
399_F0,25.495097567963924,0.40870523,0,22.47220505424423,0.3625810623168945,24.596747752497688,3.660112619400024,0,0,0
013_F0,18.027756377319943,0.36282375,0,12.206555615733702,0.3514283895492553,13.892443989449804,6.318288326263428,1,1,1
125_F0,110.8873302050329,0.20633976,0,25.55386467836128,0.19031603038311,37.65634076752546,31.961205673217773,2,2,2
252_F0,3.605551275463989,0.40947184,0,6.082762530298219,0.3448999434709549,6.708203932499369,2.3871329545974733,0,1,0
203_F0,3.1622776601683795,0.4917583,0,3.0,0.3511920839548111,3.605551275463989,4.312716388702393,0,1,0
114_F0,1.0,0.44570622,0,7.071067811865476,0.3633015215396881,9.219544457292889,7.839636516571045,2,0,0
061_F0,8.06225774829855,0.42566323,0,11.180339887498947,0.3112513363361359,33.421549934136806,37.48171501159668,2,1,0
248_F0,10.44030650891055,0.36239073,0,13.0,0.3694586932659149,14.560219778561036,2.6491045713424684,0,0,1
064_F0,5.385164807134504,0.56462145,0,9.848857801796104,0.3852546751499176,8.246211251235321,7.225004386901856,1,0,0
234_F0,3.0,0.28747284,0,12.206555615733702,0.3068933665752411,8.48528137423857,7.239459800720215,1,1,2
393_F0,5.0990195135927845,0.36745408,0,3.605551275463989,0.3391896486282348,23.08679276123039,32.7221622467041,2,1,1
332_F0,14.0,0.3329578,0,10.44030650891055,0.2900773227214813,13.152946437965904,7.15362057685852,1,2,2
348_F0,23.021728866442675,0.33305684,0,17.11724276862369,0.2609953492879867,17.029386365926403,7.259083557128906,1,2,2
243_F0,5.385164807134504,0.42616916,0,6.0,0.3363245666027069,18.35755975068582,32.18128433227539,2,1,0
365_F0,25.0,0.32893658,0,21.93171219946131,0.2119416743516922,37.73592452822641,26.1637939453125,2,2,2
235_F0,13.341664064126334,0.3600356,0,1.4142135623730951,0.2381675481796264,20.591260281974,34.7437385559082,2,2,1
069_F0,9.055385138137416,0.31565532,0,9.055385138137416,0.3658963322639465,5.0990195135927845,5.854429912567139,1,0,2
265_F0,19.697715603592208,0.3816185,0,18.867962264113206,0.3546935230493545,16.76305461424021,6.113090419769288,1,0,1
058_F0,11.31370849898476,0.334206,0,15.264337522473747,0.323585432767868,14.866068747318506,4.08737211227417,0,1,2
342_F0,16.15549442140351,0.25868422,0,22.02271554554524,0.2563659220933914,20.518284528683196,5.9232017993927,1,2,2
198_F0,84.29116205154607,0.28356308,0,17.0,0.1891127973794937,5.0,34.35685768127441,2,2,2
044_F0,8.94427190999916,0.36243707,0,2.0,0.218374952673912,18.027756377319943,21.371666431427,2,2,1
007_F0,29.73213749463701,0.38068765,0,26.1725046566048,0.3292964249849319,25.495097567963924,3.572774648666382,0,1,1
351_F0,9.219544457292889,0.50882435,0,10.816653826391969,0.3932285964488983,8.602325267042627,4.0981909275054935,0,0,0
270_F0,94.81033698917012,0.21331708,0,5.830951894845301,0.0575276672840118,29.27456233660889,77.2154052734375,2,2,2
288_F0,20.09975124224178,0.35503072,0,10.04987562112089,0.3322637498378754,12.16552506059644,5.922845363616943,1,1,1
380_F0,20.09975124224178,0.2682561,0,17.08800749063506,0.227117308974266,20.518284528683196,33.980624771118165,2,2,2
205_F0,13.152946437965904,0.27918226,0,6.708203932499369,0.2179845780134201,17.08800749063506,22.879259300231933,2,2,2
132_F0,8.06225774829855,0.35948208,0,10.816653826391969,0.3086781620979309,9.848857801796104,6.886219930648804,1,1,1
397_F0,4.47213595499958,0.36108533,0,7.0,0.3389597564935684,3.0,5.469497489929199,1,1,1
247_F0,17.0,0.3356622,0,15.132745950421556,0.2227029845118522,18.867962264113206,18.1956636428833,2,2,2
283_F0,13.41640786499874,0.36364207,0,15.620499351813308,0.3470832824707031,16.55294535724685,4.3981729507446286,0,1,1
396_F0,13.038404810405298,0.45825437,0,11.0,0.4217488586902618,14.560219778561036,4.876053619384765,0,0,0
346_F0,7.211102550927978,0.36544073,0,5.0990195135927845,0.3363343894481659,6.4031242374328485,3.416316843032837,0,1,1
286_F0,7.211102550927978,0.35023698,0,5.385164807134504,0.3806807637214661,5.0990195135927845,5.642464327812195,1,0,1
295_F0,16.401219466856727,0.40433747,0,21.840329667841555,0.3751052618026733,20.615528128088304,6.196163249015808,1,0,1
091_F0,25.612496949731398,0.35141188,0,22.02271554554524,0.3102815687656403,21.213203435596427,6.380118465423584,1,1,1
352_F0,3.605551275463989,0.3879311,0,4.242640687119285,0.3853754758834838,4.123105625617661,3.884189224243164,0,0,1
316_F0,13.892443989449804,0.3917014,0,8.602325267042627,0.3209626972675323,5.385164807134504,8.211737823486327,2,1,1
309_F0,5.830951894845301,0.3524638,0,5.0,0.3447604954242706,5.385164807134504,3.2825549602508546,0,1,1
217_F0,7.071067811865476,0.3404108,0,6.708203932499369,0.3509456545114517,9.848857801796104,5.788754606246949,1,1,1
049_F0,31.016124838541646,0.3653724,0,112.29425630903836,0.094874183088541,82.87339742040264,35.092939949035646,2,2,1
156_F0,10.04987562112089,0.35996753,0,5.385164807134504,0.2709357500076294,23.194827009486403,35.09531478881836,2,2,1
212_F0,11.704699910719626,0.31623438,0,9.433981132056603,0.2775277972221374,7.211102550927978,5.070933151245117,0,2,2
151_F0,21.0,0.4024637,0,18.788294228055936,0.3674671947956085,19.6468827043885,3.709735870361328,0,0,1
305_F0,9.219544457292889,0.30067164,0,1.0,0.3053246527910233,5.385164807134504,4.597165584564209,0,1,2
119_F0,23.345235059857504,0.3036166,0,20.223748416156685,0.2722641944885254,17.26267650163207,7.457881069183349,2,2,2
079_F0,9.219544457292889,0.30656645,0,11.180339887498947,0.2044293403625488,30.80584360149873,35.94090843200684,2,2,2
385_F0,20.8806130178211,0.4339433,0,19.1049731745428,0.3650247156620025,24.33105012119288,6.477717685699463,1,0,0
394_F0,12.083045973594572,0.282085,0,12.529964086141668,0.3123913764953613,11.180339887498947,7.594719791412354,2,1,2
375_F0,25.0,0.30700925,0,10.0,0.2905251562595367,14.866068747318506,7.37971396446228,2,2,2
041_F0,3.1622776601683795,0.3538724,0,6.4031242374328485,0.2784318149089813,7.810249675906654,7.503822612762451,2,2,1
118_F0,5.0,0.34325036,0,16.1245154965971,0.3558715403079986,11.704699910719626,4.65012640953064,0,0,1
209_F0,9.219544457292889,0.41147843,0,8.246211251235321,0.33428316116333,5.385164807134504,7.936647701263428,2,1,0
083_F0,16.15549442140351,0.44162083,0,14.422205101855956,0.4120374679565429,15.652475842498529,3.9664274930953978,0,0,0
096_F0,12.806248474865695,0.3242688,0,15.231546211727816,0.3272085130214691,12.206555615733702,4.827241516113281,0,1,2
183_F0,18.24828759089466,0.33508912,0,10.04987562112089,0.2608213305473327,13.038404810405298,10.54623203277588,2,2,2
052_F0,4.123105625617661,0.43407232,0,8.0,0.3860593378543854,5.830951894845301,3.439339542388916,0,0,0
250_F0,13.0,0.34808934,0,10.0,0.3425257384777069,12.649110640673518,7.280469226837158,2,1,1
073_F0,16.1245154965971,0.49660385,0,22.02271554554524,0.3425953030586243,17.69180601295413,7.581919574737549,2,1,0
370_F0,36.6742416417845,0.48163074,0,33.0,0.3900302171707153,35.12833614050059,4.0401585578918455,0,0,0
200_F0,13.92838827718412,0.4184141,0,9.848857801796104,0.3158965289592743,7.615773105863909,7.970443534851074,2,1,0
095_F0,1.4142135623730951,0.3740207,0,3.605551275463989,0.3411860018968582,1.0,5.350620985031128,1,1,1
230_F0,1.0,0.3212598,0,3.1622776601683795,0.3046764075756073,2.8284271247461903,5.029751014709473,0,1,2
034_F0,20.518284528683196,0.3866321,0,14.866068747318506,0.3381819814443588,18.43908891458577,7.599763202667236,2,1,1
204_F0,19.849433241279208,0.2977319,0,13.92838827718412,0.250822839140892,8.246211251235321,11.3943434715271,2,2,2
153_F0,27.018512172212592,0.42065144,0,10.816653826391969,0.2186556965112686,27.586228448267445,25.37099595069885,2,2,0
055_F0,5.385164807134504,0.35324013,0,5.0,0.3188391983509063,2.23606797749979,4.093076419830322,0,1,1
260_F0,9.486832980505138,0.35408816,0,2.23606797749979,0.2928854912519455,5.385164807134504,6.292728853225708,1,2,1
065_F0,1.0,0.44643337,0,6.082762530298219,0.4279510498046875,4.242640687119285,4.835748291015625,0,0,0
090_F0,16.55294535724685,0.40162724,0,12.529964086141668,0.3295103132724762,10.816653826391969,5.6549523830413815,1,1,1
161_F0,18.43908891458577,0.4426773,0,9.219544457292889,0.3500849545001984,8.54400374531753,5.955559492111206,1,1,0
300_F0,17.029386365926403,0.39477092,0,11.04536101718726,0.3621911466121673,12.529964086141668,7.231147289276123,1,0,1
191_F0,13.341664064126334,0.3932945,0,5.0,0.3366117119789124,10.198039027185567,6.40078649520874,1,1,1
131_F0,8.06225774829855,0.41772994,0,5.0,0.2923880636692047,2.0,5.229033374786377,1,2,0
323_F0,15.0,0.40480003,0,9.0,0.277328273653984,8.94427190999916,6.286473035812378,1,2,1
127_F0,4.242640687119285,0.44415078,0,5.385164807134504,0.3476766347885132,4.0,5.468153762817383,1,1,0
261_F0,4.242640687119285,0.34468445,0,5.0990195135927845,0.3336923062801361,6.082762530298219,5.955783414840698,1,1,1
266_F0,31.400636936215164,0.39003617,0,25.079872407968907,0.3769759714603424,27.16615541441225,3.990673851966858,0,0,1
202_F0,7.071067811865476,0.37568465,0,5.0,0.3847933530807495,5.830951894845301,5.027112531661987,0,0,1
337_F0,4.123105625617661,0.45317593,0,5.385164807134504,0.3505287170410156,2.8284271247461903,4.605650806427002,0,1,0
268_F0,13.038404810405298,0.3098653,0,15.033296378372908,0.257112368941307,17.029386365926403,7.28175163269043,2,2,2
094_F0,14.866068747318506,0.47686568,0,14.560219778561036,0.3925419688224792,15.264337522473747,6.179912185668945,1,0,0
343_F0,12.806248474865695,0.29857498,0,4.123105625617661,0.3533637821674347,9.055385138137416,6.505197763442993,1,0,2
354_F0,4.123105625617661,0.32239735,0,8.06225774829855,0.2987166285514832,16.492422502470642,33.84066963195801,2,2,2
256_F0,2.23606797749979,0.39089656,0,7.211102550927978,0.3983379960060119,3.1622776601683795,2.8804485321044924,0,0,1
251_F0,6.324555320336759,0.5651647,0,1.4142135623730951,0.3960985839366913,2.23606797749979,4.472418189048767,0,0,0
325_F0,8.06225774829855,0.4248452,0,13.41640786499874,0.3813945442438126,16.1245154965971,8.149969673156738,2,0,0
168_F0,10.0,0.41683787,0,5.385164807134504,0.3378243207931518,6.324555320336759,4.274676036834717,0,1,0
387_F0,44.59820624195552,0.29282275,0,25.70992026436488,0.1536419838666916,30.23243291566195,24.62454948425293,2,2,2
327_F0,13.601470508735444,0.35506886,0,15.652475842498529,0.2633317112922668,14.317821063276352,9.231822204589845,2,2,1
140_F0,9.055385138137416,0.28513816,0,7.071067811865476,0.345302003622055,6.324555320336759,4.068739008903504,0,1,2
232_F0,13.038404810405298,0.5480438,0,6.082762530298219,0.3286170780658722,4.242640687119285,8.949493408203125,2,1,0
027_F1,13.341664064126334,0.28809994,1,14.560219778561036,0.2709886223077774,13.0,4.366190338134766,0,1,0
390_F1,2.8284271247461903,0.26213685,1,8.94427190999916,0.254363152384758,4.242640687119285,6.508100128173828,1,2,1
129_F1,50.99019513592785,0.26514897,1,21.633307652783937,0.2293910980224609,24.20743687382041,11.126861667633056,2,2,1
347_F1,15.264337522473747,0.24848495,1,6.4031242374328485,0.2991759240627288,6.0,7.148056483268737,1,1,1
334_F1,20.808652046684813,0.25445247,1,5.830951894845301,0.3393519848585128,3.0,10.082019138336182,2,0,1
389_F1,8.48528137423857,0.24874394,1,7.211102550927978,0.2868183791637421,6.082762530298219,6.494474864006042,1,1,1
222_F1,88.64536084872124,0.47003195,1,93.96275858019496,0.1106128066778183,63.788713735268246,20.597824096679688,2,2,0
109_F1,12.16552506059644,0.29214436,1,12.649110640673518,0.325165256857872,15.132745950421556,5.495846748352051,0,0,0
054_F1,9.433981132056603,0.23822477,1,16.76305461424021,0.2886306852102279,12.529964086141668,6.230121994018555,1,1,2
178_F1,13.152946437965904,0.22273181,1,3.0,0.2467549264431,11.0,6.80759859085083,1,2,2
381_F1,7.071067811865476,0.25440502,1,8.94427190999916,0.2596038579940796,10.44030650891055,9.487895298004153,2,2,1
349_F1,15.652475842498529,0.3283559,1,13.601470508735444,0.263384535908699,12.649110640673518,6.050318431854248,1,2,0
319_F1,15.132745950421556,0.22557977,1,6.082762530298219,0.2594124183058738,7.071067811865476,10.356100225448609,2,2,2
238_F1,12.083045973594572,0.20686999,1,13.038404810405298,0.2812598168849945,9.219544457292889,5.970700263977051,1,1,2
088_F1,10.44030650891055,0.31412807,1,5.0,0.2380814909934997,4.47213595499958,4.956905937194824,0,2,0
299_F1,8.246211251235321,0.33135316,1,5.0,0.303427118062973,7.615773105863909,6.384944868087769,1,0,0
314_F1,1.0,0.20345917,1,11.04536101718726,0.3229554057121276,6.082762530298219,5.722122859954834,0,0,2
180_F1,6.4031242374328485,0.31203523,1,10.0,0.2821209132671356,5.830951894845301,5.606436204910279,0,1,0
373_F1,10.04987562112089,0.2983424,1,11.04536101718726,0.2572989135980606,8.06225774829855,9.410846042633056,2,2,0
242_F1,5.656854249492381,0.2579362,1,4.47213595499958,0.28661048412323,1.4142135623730951,4.863556957244873,0,1,1
322_F1,8.06225774829855,0.29860684,1,3.605551275463989,0.2877686530351638,5.656854249492381,3.0649110794067385,0,1,0
312_F1,4.0,0.18529665,1,3.1622776601683795,0.2783509969711303,1.4142135623730951,4.32575831413269,0,1,2
320_F1,12.083045973594572,0.25457567,1,10.44030650891055,0.2733090579509735,2.23606797749979,6.340098094940186,1,1,1
395_F1,87.14355971613737,0.23544654,1,18.027756377319943,0.1213972240686416,27.16615541441225,38.76519546508789,2,2,2
173_F1,10.0,0.26968485,1,5.0,0.3366424351930618,6.082762530298219,4.20293025970459,0,0,1
015_F1,12.041594578792296,0.1892671,1,24.73863375370596,0.3117633640766143,22.56102834535696,7.490685844421387,1,0,2
192_F1,7.211102550927978,0.22809082,1,4.0,0.3509152799844742,1.0,5.68041615486145,0,0,2
078_F1,9.486832980505138,0.29490694,1,1.4142135623730951,0.3294791609048843,4.47213595499958,6.016944456100464,1,0,0
377_F1,96.13532129243652,0.2334341,1,7.615773105863909,0.2795621633529663,17.029386365926403,32.60353832244873,2,1,2
335_F1,13.892443989449804,0.235737,1,12.041594578792296,0.2656998366117477,12.206555615733702,7.345628261566162,1,1,2
101_F1,5.0990195135927845,0.20902403,1,14.7648230602334,0.2484818756580352,8.54400374531753,8.290082430839538,1,2,2
267_F1,29.61418578992169,0.23785488,1,11.704699910719626,0.1770849496126175,29.5296461204668,34.064494895935056,2,2,2
369_F1,87.41853350405736,0.22498529,1,18.027756377319943,0.146135938167572,19.026297590440446,38.47330827713013,2,2,2
110_F1,10.44030650891055,0.20530502,1,9.219544457292889,0.1716801762580871,14.422205101855956,33.680979347229005,2,2,2
135_F1,12.16552506059644,0.3089084,1,4.47213595499958,0.2933118671178817,2.8284271247461903,5.389873194694519,0,1,0
066_F1,10.770329614269007,0.26812994,1,10.0,0.2179851353168487,17.029386365926403,32.90055885314941,2,2,1
272_F1,85.70297544426332,0.25501257,1,6.324555320336759,0.2248798310756683,12.041594578792296,29.95151557922363,2,2,1
315_F1,9.219544457292889,0.2650146,1,5.0,0.2865151226520538,5.830951894845301,5.552932929992676,0,1,1
047_F1,23.08679276123039,0.27935946,1,12.806248474865695,0.24477099776268,16.64331697709324,9.878514289855955,2,2,1
059_F1,32.7566787083184,0.29711086,1,15.556349186104043,0.2579591900110244,17.88854381999832,10.333728981018066,2,2,0
382_F1,20.396078054371134,0.30322424,1,12.529964086141668,0.3054745972156524,17.08800749063506,4.458255815505981,0,0,0
056_F1,3.605551275463989,0.20170318,1,8.246211251235321,0.2686174541711807,8.94427190999916,6.132563257217408,1,1,2
159_F1,18.027756377319943,0.27057713,1,9.219544457292889,0.2941306442022323,8.246211251235321,7.044001483917237,1,1,1
264_F1,24.08318915758459,0.24446404,1,11.704699910719626,0.0793911159038543,35.4400902933387,68.45523223876953,2,2,1
199_F1,16.1245154965971,0.25864795,1,10.770329614269007,0.2067524969577789,23.853720883753127,29.693539810180663,2,2,1
189_F1,9.219544457292889,0.34311703,1,3.1622776601683795,0.2982839316129684,2.23606797749979,4.790950560569764,0,1,0
201_F1,21.95449840010015,0.24230382,1,19.849433241279208,0.2085065990686416,15.231546211727816,8.756861209869385,2,2,1
165_F1,12.0,0.28719348,1,4.0,0.2686727851629257,4.123105625617661,7.645989274978637,1,1,0
057_F1,5.385164807134504,0.3217478,1,11.04536101718726,0.3222648441791534,8.06225774829855,4.390595531463623,0,0,0
050_F1,17.69180601295413,0.28012204,1,9.486832980505138,0.3183351278305054,10.63014581273465,7.196312808990479,1,0,1
193_F1,7.0,0.30727994,1,12.529964086141668,0.3629338920116424,11.31370849898476,4.475193166732788,0,0,0
344_F1,6.708203932499369,0.21517602,1,9.486832980505138,0.2745738804340362,7.071067811865476,10.28505334854126,2,1,2
229_F1,11.704699910719626,0.25514168,1,13.0,0.2998260289430618,12.529964086141668,6.14525671005249,1,1,1
025_F1,6.708203932499369,0.30511189,1,9.848857801796104,0.2766317725181579,11.180339887498947,6.335152816772461,1,1,0
355_F1,3.0,0.2884727,1,6.708203932499369,0.3420803964138031,6.082762530298219,3.5379621982574463,0,0,0
074_F1,87.80091115700337,0.25615028,1,8.94427190999916,0.282266703248024,20.591260281974,27.465784072875977,2,1,1
321_F1,7.071067811865476,0.24312994,1,13.601470508735444,0.2179494500160217,10.816653826391969,5.437072658538819,0,2,1
218_F1,9.486832980505138,0.29878637,1,10.816653826391969,0.2848195791244506,10.770329614269007,6.975429606437683,1,1,0
020_F1,18.110770276274835,0.27702513,1,12.206555615733702,0.2057043731212616,29.698484809834994,29.93597259521484,2,2,1
275_F1,24.698178070456937,0.25093207,1,21.095023109728988,0.2910742580890655,26.83281572999748,5.559980392456055,0,1,1
187_F1,12.041594578792296,0.25652447,1,3.1622776601683795,0.3123546063899994,4.47213595499958,6.370701551437378,1,0,1
169_F1,6.708203932499369,0.39192986,1,3.0,0.3597067356109619,1.4142135623730951,4.022265625,0,0,0
081_F1,11.31370849898476,0.27011237,1,17.204650534085253,0.3389293938875198,16.55294535724685,7.574658012390136,1,0,1
162_F1,12.529964086141668,0.19951352,1,3.1622776601683795,0.2821548491716384,5.830951894845301,5.660892009735107,0,1,2
024_F1,21.470910553583888,0.24381779,1,19.1049731745428,0.3083222359418869,16.0,5.265331244468689,0,0,1
333_F1,8.54400374531753,0.28152224,1,2.23606797749979,0.3437778085470199,2.23606797749979,4.097001075744629,0,0,1
005_F1,3.605551275463989,0.2594528,1,7.211102550927978,0.3811661750078201,3.605551275463989,4.3674205303192135,0,0,1
237_F1,4.47213595499958,0.27523184,1,14.317821063276352,0.2722050011157989,11.704699910719626,9.862526607513429,2,1,1
148_F1,17.204650534085253,0.2585138,1,4.47213595499958,0.3343494385480881,5.0,5.280893611907959,0,0,1
152_F1,10.04987562112089,0.23787262,1,7.071067811865476,0.2830603122711181,6.708203932499369,6.667960357666016,1,1,2
086_F1,15.652475842498529,0.20686789,1,7.071067811865476,0.2927573591470718,5.385164807134504,6.287682914733887,1,1,2
155_F1,3.1622776601683795,0.2482281,1,8.246211251235321,0.3427205830812454,3.1622776601683795,4.3785844326019285,0,0,1
240_F1,5.385164807134504,0.24794908,1,7.615773105863909,0.327183735370636,5.0,4.520225238800049,0,0,1
087_F1,16.76305461424021,0.24456558,1,8.48528137423857,0.2306096106767654,24.515301344262525,29.661512184143067,2,2,1
185_F1,8.06225774829855,0.24048202,1,7.615773105863909,0.2903761982917786,10.198039027185567,5.11695966720581,0,1,2
051_F1,82.13403679352427,0.26330763,1,4.242640687119285,0.2593809962272644,16.64331697709324,26.80606880187988,2,2,1
149_F1,14.142135623730953,0.29124883,1,11.180339887498947,0.2398651450872421,15.811388300841896,26.61873149871826,2,2,0
062_F1,24.186773244895647,0.18853942,1,13.341664064126334,0.2794337332248687,16.15549442140351,7.833913135528564,1,1,2
068_F1,18.027756377319943,0.22496411,1,8.54400374531753,0.3447821110486984,9.848857801796104,3.756568431854248,0,0,2
163_F1,28.792360097775937,0.2575941,1,11.31370849898476,0.2605392605066299,16.64331697709324,7.125722789764405,1,2,1
182_F1,31.906112267087632,0.1774868,1,7.071067811865476,0.2160504341125488,5.830951894845301,14.789466857910156,2,2,2
099_F1,30.52867504494749,0.23354726,1,19.1049731745428,0.2200831174850464,19.849433241279208,9.188864374160769,2,2,2
117_F1,26.83281572999748,0.27262717,1,15.620499351813308,0.2439684480428695,14.866068747318506,7.7959675788879395,1,2,1
102_F1,17.204650534085253,0.16725974,1,10.44030650891055,0.3509566932916641,13.41640786499874,7.314231109619141,1,0,2
164_F1,15.811388300841896,0.23650709,1,12.041594578792296,0.2556390196084976,5.656854249492381,11.0695689201355,2,2,2
097_F1,19.849433241279208,0.23905121,1,9.055385138137416,0.2405057907104492,0.0,9.678948879241943,2,2,2
213_F1,26.476404589747453,0.19018902,1,5.656854249492381,0.2274168103933334,8.602325267042627,10.560484790802002,2,2,2
225_F1,20.808652046684813,0.27423492,1,8.54400374531753,0.3213643252849579,9.848857801796104,7.0092470169067385,1,0,1
179_F1,107.93516572461452,0.24920018,1,5.0,0.2442976683378219,21.18962010041709,34.51498908996582,2,2,1
374_F1,16.278820596099706,0.2134665,1,11.180339887498947,0.2251117706298828,11.04536101718726,8.61670904159546,2,2,2
022_F1,2.23606797749979,0.32951462,1,12.041594578792296,0.2865438759326935,9.433981132056603,5.8555521965026855,0,1,0
376_F1,9.0,0.21968278,1,5.0990195135927845,0.2887105375528335,10.04987562112089,5.8019695520401005,0,1,2
280_F1,17.4928556845359,0.1767201,1,22.20360331117452,0.2394884526729583,23.021728866442675,4.185136318206787,0,2,2
188_F1,20.248456731316587,0.27208757,1,24.04163056034261,0.2488297879695892,17.204650534085253,9.062440204620362,2,2,1
307_F1,10.44030650891055,0.26857147,1,8.06225774829855,0.2890533208847046,3.605551275463989,6.047288703918457,1,1,1
311_F1,8.06225774829855,0.21741033,1,9.433981132056603,0.2350184231996536,7.211102550927978,10.275803089141846,2,2,2
177_F1,10.770329614269007,0.2706826,1,5.830951894845301,0.2904496282339096,4.123105625617661,8.359797954559326,2,1,1
273_F1,7.615773105863909,0.14720057,1,10.770329614269007,0.1827864930033683,13.038404810405298,29.784113502502443,2,2,2
031_F1,16.55294535724685,0.31838927,1,13.45362404707371,0.1971783936023712,46.95742752749558,39.7721508026123,2,2,0
386_F1,20.024984394500787,0.2520872,1,5.385164807134504,0.2353195995092392,9.0,6.590871429443359,1,2,1
228_F2,39.96248240537617,0.27728492,2,6.708203932499369,0.1074018463492393,26.92582403567252,32.52705631256104,2,2,2
063_F2,30.23243291566195,0.41472876,2,27.784887978899608,0.3125091806054115,23.40939982143925,10.02026777267456,2,2,1
157_F2,5.0,0.6227788,2,2.23606797749979,0.4329174816608429,3.0,3.521850085258484,0,0,0
103_F2,19.4164878389476,0.3031679,2,19.1049731745428,0.2833847969770431,17.11724276862369,4.725023698806763,0,2,2
359_F2,5.830951894845301,0.40758282,2,4.0,0.3517137944698333,2.23606797749979,6.488363647460938,2,1,1
357_F2,10.198039027185567,0.64474577,2,4.123105625617661,0.4322097957134246,6.708203932499369,3.2370726585388185,0,0,0
236_F2,39.01281840626232,0.32812524,2,13.038404810405298,0.195215430855751,19.4164878389476,11.382376289367675,2,2,2
340_F2,15.524174696260024,0.46063712,2,11.04536101718726,0.4041308403015137,14.0,5.371765565872193,1,0,1
042_F2,9.219544457292889,0.4575719,2,8.246211251235321,0.3649832069873809,6.4031242374328485,5.028071165084839,0,1,1
383_F2,7.280109889280518,0.5090311,2,4.123105625617661,0.4195286393165588,6.0,5.058692407608032,0,0,0
003_F2,8.0,0.577125,2,12.529964086141668,0.4293347775936126,11.6619037896906,7.245750617980957,2,0,0
360_F2,5.656854249492381,0.32572937,2,3.1622776601683795,0.299901282787323,6.0,7.830586338043213,2,2,2
331_F2,12.529964086141668,0.2863258,2,5.385164807134504,0.3218283414840698,6.708203932499369,7.326104831695557,2,1,2
137_F2,2.0,0.45050836,2,9.433981132056603,0.3818130493164062,8.602325267042627,7.360627365112305,2,1,1
371_F2,29.27456233660889,0.48380393,2,24.020824298928627,0.4378320097923279,27.018512172212592,5.315415668487549,1,0,0
075_F2,10.816653826391969,0.37622863,2,11.0,0.3363607883453369,12.36931687685298,4.228626012802124,0,1,2
215_F2,7.211102550927978,0.4071557,2,11.40175425099138,0.3907027602195739,9.0,7.24640474319458,2,0,1
258_F2,9.899494936611664,0.47390908,2,7.0,0.3370063126087189,8.06225774829855,5.293435192108154,1,1,0
017_F2,12.083045973594572,0.53384256,2,8.246211251235321,0.4372893035411834,7.280109889280518,4.138336086273194,0,0,0
241_F2,13.45362404707371,0.4290939,2,5.0990195135927845,0.3814024806022644,3.0,6.035479068756104,1,1,1
196_F2,4.123105625617661,0.3418874,2,3.1622776601683795,0.382632040977478,3.0,5.247100782394409,1,1,2
036_F2,13.92838827718412,0.43811825,2,11.180339887498947,0.3255023062229156,8.0,6.515319156646728,2,1,1
294_F2,8.94427190999916,0.38765725,2,12.083045973594572,0.3176220923662186,14.317821063276352,6.717264223098755,2,1,2
289_F2,13.038404810405298,0.51565504,2,13.038404810405298,0.4460127353668213,11.40175425099138,5.105524635314941,0,0,0
207_F2,20.248456731316587,0.32847697,2,9.433981132056603,0.2821025729179382,14.212670403551895,6.690074062347412,2,2,2
313_F2,22.84731931759173,0.26829913,2,12.529964086141668,0.2715276926755905,10.198039027185567,10.771160411834718,2,2,2
043_F2,5.0990195135927845,0.48768437,2,4.123105625617661,0.4101153910160064,3.1622776601683795,6.90524206161499,2,0,0
338_F2,10.63014581273465,0.3691964,2,6.4031242374328485,0.2839411258697509,6.708203932499369,5.362762451171875,1,2,2
116_F2,9.899494936611664,0.59232897,2,8.94427190999916,0.4521746277809143,5.385164807134504,4.099195528030395,0,0,0
341_F2,2.23606797749979,0.42005566,2,9.219544457292889,0.3964083075523376,8.54400374531753,4.643281030654907,0,0,1
035_F2,12.806248474865695,0.47301173,2,12.083045973594572,0.391757595539093,10.770329614269007,4.837748765945435,0,0,0
298_F2,37.94733192202055,0.30823562,2,8.54400374531753,0.2561911076307296,10.770329614269007,13.801859188079836,2,2,2
037_F2,24.186773244895647,0.2199445,2,14.142135623730953,0.1765700280666351,49.04079934095692,46.46683158874512,2,2,2
093_F2,3.0,0.35465878,2,13.0,0.3653914093971252,10.198039027185567,4.819848346710205,0,1,2
111_F2,3.605551275463989,0.4522843,2,4.123105625617661,0.3288003146648407,2.8284271247461903,7.192470121383667,2,1,1
098_F2,6.324555320336759,0.45735916,2,5.0,0.4112732827663422,4.0,3.9998943328857424,0,0,1
246_F2,7.280109889280518,0.47005236,2,13.601470508735444,0.395246136188507,14.317821063276352,3.554132914543152,0,0,1
285_F2,18.97366596101028,0.35597622,2,20.248456731316587,0.3602966725826263,20.12461179749811,3.127838468551636,0,1,2
100_F2,5.830951894845301,0.3033376,2,4.0,0.3549501836299896,2.23606797749979,4.509964609146119,0,1,2
181_F2,22.47220505424423,0.45504078,2,20.808652046684813,0.4103474497795105,23.021728866442675,4.679579734802246,0,0,1
278_F2,6.708203932499369,0.37672573,2,6.324555320336759,0.3419581294059753,8.0,4.524418044090271,0,1,2
330_F2,7.280109889280518,0.5941951,2,5.0,0.4527540445327759,7.280109889280518,5.289028644561768,1,0,0
297_F2,17.204650534085253,0.45616236,2,11.40175425099138,0.3656190395355224,14.142135623730953,3.951174736022949,0,1,1
190_F2,4.47213595499958,0.707033,2,2.0,0.483678126335144,2.0,3.373591327667236,0,0,0
142_F2,6.324555320336759,0.55731905,2,6.324555320336759,0.4299241125583649,5.0,4.112124681472778,0,0,0
112_F2,13.45362404707371,0.58858883,2,10.04987562112089,0.4414566814899444,8.54400374531753,3.837187886238098,0,0,0
176_F2,5.830951894845301,0.5306528,2,7.810249675906654,0.3335940420627594,7.071067811865476,8.067509937286378,2,1,0
144_F2,10.44030650891055,0.54183185,2,16.1245154965971,0.4532616376876831,13.038404810405298,4.663960647583008,0,0,0
269_F2,13.152946437965904,0.4167349,2,17.26267650163207,0.2854438483715057,10.04987562112089,8.278888034820557,2,2,1
367_F2,15.231546211727816,0.4867403,2,16.76305461424021,0.352018591761589,19.4164878389476,5.25507287979126,1,1,0
170_F2,7.071067811865476,0.5441729,2,7.810249675906654,0.4124912679195404,6.324555320336759,4.659120655059814,0,0,0
172_F2,10.0,0.37508884,2,9.219544457292889,0.3209053963422775,7.211102550927978,6.691793966293335,2,1,2
023_F2,4.47213595499958,0.68525076,2,7.211102550927978,0.4522378891706466,4.47213595499958,4.656394529342651,0,0,0
158_F2,4.47213595499958,0.41199434,2,5.0,0.3630917429924011,2.23606797749979,4.588297319412232,0,1,1
133_F2,8.94427190999916,0.58237904,2,5.385164807134504,0.4554496884346008,6.0,6.357549381256104,1,0,0
339_F2,9.433981132056603,0.5460625,2,6.708203932499369,0.4409596502780914,5.656854249492381,4.824621105194092,0,0,0
372_F2,10.04987562112089,0.43124667,2,11.04536101718726,0.3838928014039993,13.0,3.933464765548706,0,1,1
279_F2,12.041594578792296,0.45080274,2,12.206555615733702,0.4165102303028106,11.704699910719626,4.761626768112182,0,0,1
317_F2,8.602325267042627,0.41348508,2,9.433981132056603,0.2837368875741958,11.31370849898476,6.068184947967529,1,2,1
067_F2,7.211102550927978,0.76967835,2,7.615773105863909,0.3609682083129882,25.632011235952596,31.19954872131348,2,1,0
296_F2,8.94427190999916,0.47258267,2,9.848857801796104,0.4480644822120666,11.0,5.603377413749695,1,0,0
379_F2,13.038404810405298,0.4848346,2,10.0,0.4118863880634308,13.0,3.255624437332153,0,0,0
120_F2,1.4142135623730951,0.27626282,2,6.082762530298219,0.306014335155487,2.8284271247461903,3.1332618474960325,0,2,2
239_F2,8.602325267042627,0.49475452,2,7.071067811865476,0.3937387883663177,8.94427190999916,4.664419317245484,0,0,0
146_F2,5.0990195135927845,0.31450364,2,4.0,0.2983904927968979,3.1622776601683795,4.025798034667969,0,2,2
306_F2,17.029386365926403,0.24955538,2,3.1622776601683795,0.2533656120300293,6.082762530298219,8.835737228393555,2,2,2
284_F2,17.88854381999832,0.4738202,2,2.0,0.4171816051006317,1.0,7.359945392608642,2,0,0
388_F2,6.4031242374328485,0.56232136,2,7.810249675906654,0.4271450400352478,7.810249675906654,3.241036057472229,0,0,0
291_F2,17.26267650163207,0.43434933,2,14.317821063276352,0.3573033452033997,15.297058540778355,4.077032947540284,0,1,1
301_F2,19.697715603592208,0.3762354,2,7.071067811865476,0.3515757143497467,8.602325267042627,5.660619401931763,1,1,2
282_F2,11.180339887498947,0.4268164,2,9.486832980505138,0.4128409504890442,9.055385138137416,4.544333434104919,0,0,1
171_F2,11.180339887498947,0.27931678,2,8.06225774829855,0.3112932175397873,7.280109889280518,5.845922660827637,1,2,2
304_F2,3.0,0.5682887,2,2.23606797749979,0.4201699733734131,1.4142135623730951,4.296455812454224,0,0,0
006_F2,10.44030650891055,0.46778846,2,7.071067811865476,0.3600015342235565,9.219544457292889,6.440687847137451,1,1,1
124_F2,12.529964086141668,0.43017557,2,3.605551275463989,0.2378823518753051,150.9205088780183,231.3513214111328,2,2,1
175_F2,5.0990195135927845,0.44014546,2,2.0,0.3928334414958954,1.0,4.893009543418884,0,0,1
008_F2,22.67156809750927,0.42817646,2,21.213203435596427,0.3545339673757553,19.209372712298546,4.341566658020019,0,1,1
139_F2,8.0,0.26562262,2,4.47213595499958,0.2866202145814895,3.1622776601683795,6.977036857604981,2,2,2
138_F2,14.866068747318506,0.463586,2,14.560219778561036,0.3710735499858856,13.341664064126334,5.133492708206177,0,1,1
077_F2,8.48528137423857,0.43601876,2,4.123105625617661,0.3991497874259949,4.242640687119285,4.714322853088379,0,0,1
227_F2,12.041594578792296,0.42951947,2,12.806248474865695,0.3244852870702743,10.63014581273465,5.677965044975281,1,1,1
019_F2,15.652475842498529,0.2110973,2,12.529964086141668,0.253600126504898,10.0,5.899382400512695,1,2,2
150_F2,10.295630140987,0.38439065,2,4.123105625617661,0.324252638220787,6.708203932499369,6.799398708343506,2,1,2
350_F2,7.280109889280518,0.46967134,2,6.324555320336759,0.3438602119684219,9.219544457292889,6.8109735488891605,2,1,1
292_F2,16.64331697709324,0.45027038,2,8.94427190999916,0.3806497573852539,11.180339887498947,7.360627365112305,2,1,1
361_F2,8.94427190999916,0.43113792,2,8.602325267042627,0.3462344080209732,7.615773105863909,5.380209231376648,1,1,1
147_F2,8.246211251235321,0.29413876,2,3.1622776601683795,0.3444034039974212,2.23606797749979,4.624621105194092,0,1,2
290_F2,16.1245154965971,0.50431544,2,7.615773105863909,0.4417258024215698,6.4031242374328485,7.870618343353271,2,0,0
220_F2,7.211102550927978,0.48947808,2,2.23606797749979,0.37926265001297,3.605551275463989,3.4124515533447264,0,1,0
108_F2,5.0,0.5156228,2,5.0,0.4449105381965637,3.0,5.105524635314941,0,0,0
255_F2,1.0,0.3705914,2,6.082762530298219,0.3809016108512878,7.280109889280518,5.544195723533631,1,1,2
033_F2,5.0990195135927845,0.5030957,2,7.280109889280518,0.4237262368202209,5.0990195135927845,2.5593382835388185,0,0,0
244_F2,4.123105625617661,0.3994977,2,2.23606797749979,0.2873739957809448,5.385164807134504,7.535822200775146,2,2,1
026_F2,12.041594578792296,0.39122495,2,7.280109889280518,0.3339494109153748,6.4031242374328485,5.868586158752441,1,1,1
107_F2,15.297058540778355,0.45704222,2,11.40175425099138,0.406200897693634,13.341664064126334,4.909177350997925,0,0,1
384_F2,22.0,0.47985166,2,12.041594578792296,0.3585496723651886,10.198039027185567,7.694951820373535,2,1,0
259_F2,15.0,0.4984471,2,2.8284271247461903,0.3420000642538071,7.810249675906654,5.8767436981201175,1,1,0
219_F2,9.848857801796104,0.5728438,2,1.0,0.3895672440528869,2.23606797749979,4.1015016555786135,0,1,0
276_F2,5.0990195135927845,0.3347446,2,5.385164807134504,0.3491460382938385,6.324555320336759,4.656035208702088,0,1,2
060_F2,19.1049731745428,0.63153756,2,17.804493814764857,0.4405618607997894,15.0,5.696508598327637,1,0,0
143_F3,14.317821063276352,0.42232576,3,7.071067811865476,0.3016341596841812,19.72308292331602,26.780257415771484,2,2,0
122_F3,9.219544457292889,0.3287206,3,9.055385138137416,0.4296682178974151,7.0,4.480783581733704,0,0,2
076_F3,39.92492955535426,0.23877788,3,27.459060435491963,0.2803835123777389,30.083217912982647,9.595150375366211,2,2,2
257_F3,10.44030650891055,0.38276923,3,7.071067811865476,0.2749996364116668,8.0,5.765925288200378,1,2,1
106_F3,10.770329614269007,0.32345977,3,11.40175425099138,0.3376385509967804,6.082762530298219,5.510531711578369,1,2,2
368_F3,17.46424919657298,0.26457086,3,8.06225774829855,0.3245383709669113,14.0356688476182,6.700192832946778,1,2,2
358_F3,7.615773105863909,0.48192886,3,8.48528137423857,0.3780585020780563,4.123105625617661,5.958182907104492,1,1,0
115_F3,10.0,0.33695424,3,10.63014581273465,0.3940110266208648,13.038404810405298,7.958670043945313,2,0,2
378_F3,28.792360097775937,0.31766403,3,25.495097567963924,0.302297955751419,18.43908891458577,10.358549737930298,2,2,2
287_F3,5.656854249492381,0.31861955,3,5.830951894845301,0.303065150976181,10.63014581273465,27.06114807128906,2,2,2
160_F3,12.041594578792296,0.31101683,3,2.8284271247461903,0.2625593066215515,4.47213595499958,6.288548350334168,1,2,2
028_F3,12.649110640673518,0.43461958,3,8.246211251235321,0.4349871039390564,8.0,6.076274585723877,1,0,0
004_F3,23.600847442411894,0.4354266,3,14.560219778561036,0.3671598762273788,19.6468827043885,10.64089937210083,2,1,0
045_F3,11.40175425099138,0.3531655,3,10.770329614269007,0.3107183128595352,7.280109889280518,8.199426746368408,2,2,1
167_F3,26.570660511172846,0.33798766,3,17.029386365926403,0.3402592033147812,24.33105012119288,33.55293731689453,2,1,1
262_F3,4.47213595499958,0.36531717,3,4.47213595499958,0.388609716296196,2.0,5.858944845199585,1,0,1
141_F3,9.219544457292889,0.41973993,3,8.06225774829855,0.3613721489906311,22.80350850198276,29.157323837280277,2,1,0
123_F3,9.848857801796104,0.34831405,3,9.055385138137416,0.308003956079483,9.055385138137416,3.0360680103302,0,2,1
214_F3,9.0,0.22638267,3,4.47213595499958,0.2374005049467086,14.317821063276352,31.960765075683597,2,2,2
184_F3,12.041594578792296,0.39876947,3,8.54400374531753,0.3563492894172668,4.242640687119285,10.116123676300049,2,1,1
121_F3,15.264337522473747,0.24579155,3,14.560219778561036,0.2989789694547653,11.40175425099138,5.082439851760864,1,2,2
014_F3,5.0,0.32075176,3,6.4031242374328485,0.3010081142187119,16.55294535724685,27.397265625,2,2,2
328_F3,34.713109915419565,0.318307,3,38.11823710509184,0.3086712688207626,39.44616584663204,36.38780746459961,2,2,2
134_F3,12.806248474865695,0.2776146,3,12.083045973594572,0.3764872610569,4.0,6.895918989181519,1,1,2
085_F3,14.7648230602334,0.40199062,3,12.041594578792296,0.3561216413974762,26.1725046566048,28.391463470458984,2,1,0
072_F3,20.518284528683196,0.35257402,3,14.866068747318506,0.2383168220520019,18.384776310850235,27.334792709350587,2,2,1
353_F3,11.04536101718726,0.31861785,3,6.324555320336759,0.356345596909523,7.071067811865476,5.288249659538269,1,1,2
166_F3,11.180339887498947,0.42441872,3,9.0,0.3408579170703888,23.259406699226016,32.73482704162598,2,1,0
048_F3,9.848857801796104,0.36161372,3,5.385164807134504,0.3390803277492523,5.385164807134504,4.712009048461914,0,2,1
104_F3,10.04987562112089,0.37615094,3,6.708203932499369,0.3768547862768173,5.385164807134504,5.949162864685059,1,1,1
082_F3,14.560219778561036,0.33875123,3,14.317821063276352,0.3273318856954574,10.63014581273465,8.278641510009766,2,2,1
001_F3,24.698178070456937,0.47369087,3,24.04163056034261,0.4233034521341324,22.47220505424423,2.509964656829834,0,0,0
400_F3,16.0,0.3168397,3,9.433981132056603,0.3596251130104065,10.44030650891055,6.7243836402893065,1,1,2
038_F3,25.495097567963924,0.41568583,3,23.345235059857504,0.348576158285141,26.90724809414742,6.696158409118652,1,1,0
345_F3,6.708203932499369,0.3780103,3,0.0,0.3810837864875793,4.0,4.229751014709473,0,0,1
145_F3,13.038404810405298,0.3009029,3,26.0,0.1519278824329376,28.30194339616981,40.38490257263184,2,2,2
226_F3,1.4142135623730951,0.48060048,3,1.0,0.3329983294010162,18.35755975068582,34.1810661315918,2,2,0
310_F3,5.656854249492381,0.4514696,3,8.06225774829855,0.2895106673240661,19.4164878389476,26.57286968231201,2,2,0
206_F3,5.385164807134504,0.30575687,3,11.31370849898476,0.2538671582937241,5.0,7.608679723739624,2,2,2
231_F3,12.083045973594572,0.36257282,3,6.4031242374328485,0.3704360842704773,7.211102550927978,6.361666679382324,1,1,1
308_F3,4.47213595499958,0.3332778,3,1.0,0.4411917924880981,4.0,3.4124515533447264,0,0,2
281_F3,8.94427190999916,0.27403688,3,8.06225774829855,0.3524031668901443,5.385164807134504,6.215265941619873,1,1,2
277_F3,9.055385138137416,0.43963364,3,4.123105625617661,0.4057876139879227,6.4031242374328485,4.541516828536987,0,0,0
223_F3,9.848857801796104,0.30510584,3,23.53720459187964,0.3031031519174575,12.083045973594572,7.749755096435547,2,2,2
324_F3,2.23606797749979,0.27009133,3,1.0,0.301763966679573,21.93171219946131,29.40311641693115,2,2,2
224_F3,3.605551275463989,0.39027253,3,1.0,0.4430373311042785,1.4142135623730951,4.031570458412171,0,0,1
364_F3,22.09072203437452,0.37520194,3,23.345235059857504,0.2728315711021423,23.43074902771996,34.02167510986328,2,2,1
070_F3,14.866068747318506,0.39222762,3,12.206555615733702,0.4176786959171295,14.7648230602334,2.855119514465332,0,0,1
174_F3,6.324555320336759,0.41609192,3,10.0,0.4171280801296234,7.071067811865476,5.69284839630127,1,0,0
071_F3,3.605551275463989,0.37553236,3,9.219544457292889,0.332335901260376,25.55386467836128,31.964777374267577,2,2,1
130_F3,11.0,0.4208986,3,10.770329614269007,0.4215259999036789,5.385164807134504,5.850432205200195,1,0,0
233_F3,6.4031242374328485,0.27306148,3,5.830951894845301,0.302230954170227,2.8284271247461903,8.108383274078369,2,2,2
245_F3,16.55294535724685,0.2983449,3,1.0,0.3050279855728149,5.656854249492381,6.439268851280213,1,2,2
221_F3,3.605551275463989,0.4762766,3,6.4031242374328485,0.3864192366600036,6.708203932499369,6.180405616760254,1,0,0
197_F3,6.4031242374328485,0.4238694,3,3.605551275463989,0.4352523654699325,3.605551275463989,5.62207989692688,1,0,0
039_F3,17.88854381999832,0.36870044,3,29.068883707497267,0.3584431022405624,24.839484696748443,6.688670825958252,1,1,1
356_F3,2.23606797749979,0.29873773,3,8.246211251235321,0.3304673314094543,4.0,6.6173200607299805,1,2,2
302_F3,11.04536101718726,0.29728886,3,5.656854249492381,0.3568458646535873,6.708203932499369,6.176142024993896,1,1,2
274_F3,2.0,0.51061577,3,7.280109889280518,0.3882374703884125,6.708203932499369,5.405978107452393,1,0,0
263_F3,12.206555615733702,0.33138642,3,4.242640687119285,0.3381801396608352,6.0,6.1065102338790895,1,2,2
186_F3,12.36931687685298,0.23135076,3,3.1622776601683795,0.2434980750083923,14.422205101855956,24.278702545166016,2,2,2
040_F3,22.67156809750927,0.39108247,3,15.231546211727816,0.348772981762886,14.422205101855956,6.280177783966065,1,1,1
363_F3,12.806248474865695,0.35715306,3,17.46424919657298,0.299883633852005,10.770329614269007,8.28830680847168,2,2,1
105_F3,27.65863337187866,0.46034405,3,12.041594578792296,0.166226178407669,21.095023109728988,62.58805847167969,2,2,0
018_F3,4.123105625617661,0.24183673,3,16.0,0.2451764076948165,25.238858928247925,26.099432945251465,2,2,2
080_F3,4.0,0.34423664,3,11.180339887498947,0.3891772627830505,6.082762530298219,3.7567213773727417,0,0,1
032_F3,23.021728866442675,0.3102856,3,12.529964086141668,0.2206352204084396,28.0713376952364,31.722109031677245,2,2,2
253_F3,4.123105625617661,0.33526933,3,2.0,0.4070639312267303,2.23606797749979,3.1962841510772706,0,0,2
046_F3,17.08800749063506,0.3735912,3,14.866068747318506,0.3741418570280075,15.652475842498529,3.4332078456878663,0,1,1
326_F3,1.0,0.3618205,3,6.324555320336759,0.3761974543333053,8.602325267042627,8.032403564453125,2,1,1
010_F3,1.4142135623730951,0.36086768,3,3.605551275463989,0.3666613519191742,2.23606797749979,7.845327377319336,2,1,1
216_F3,3.605551275463989,0.36304045,3,3.0,0.2793128371238708,20.248456731316587,34.44141807556152,2,2,1
126_F3,10.198039027185567,0.40085635,3,3.0,0.3888726830482483,5.385164807134504,5.799469757080078,1,0,1
084_F3,2.0,0.44528568,3,4.47213595499958,0.4021130681037902,2.0,4.593167543411255,0,0,0
113_F3,4.47213595499958,0.36521262,3,5.656854249492381,0.3886991441249847,4.123105625617661,4.416440677642822,0,0,1
271_F3,8.246211251235321,0.3044429,3,5.656854249492381,0.3844915121793747,6.4031242374328485,4.636797380447388,0,0,2
293_F3,25.0,0.38032937,3,24.20743687382041,0.3739230960607528,21.095023109728988,5.878120040893554,1,1,1
154_F3,4.123105625617661,0.35574195,3,4.242640687119285,0.2641018390655517,8.06225774829855,8.28015203475952,2,2,1
053_F3,8.54400374531753,0.38300705,3,10.0,0.4054108560085296,8.06225774829855,4.068864035606384,0,0,1
392_F3,14.142135623730953,0.3431894,3,15.264337522473747,0.2920219480991363,13.601470508735444,5.166526889801025,1,2,1
002_F3,20.0,0.37205365,3,11.6619037896906,0.3344844192266464,11.40175425099138,6.109319496154785,1,2,1
016_F3,19.1049731745428,0.3497316,3,20.0,0.3714288383722305,17.0,7.000602197647095,1,1,1
092_F3,5.0990195135927845,0.34403238,3,8.246211251235321,0.3727858960628509,2.23606797749979,7.30361316204071,1,1,1
210_F3,2.23606797749979,0.36448324,3,6.708203932499369,0.4195370614528656,2.23606797749979,4.479778838157654,0,0,1
211_F3,13.038404810405298,0.24144335,3,26.87005768508881,0.2964279174804687,17.204650534085253,8.183185577392578,2,2,2
011_F3,5.0,0.29563925,3,18.0,0.2078961968421936,32.69556544854363,31.80769004821777,2,2,2
362_F3,19.313207915827967,0.33279908,3,20.223748416156685,0.4081145107746124,20.09975124224178,5.00371561050415,1,0,2
009_F3,19.79898987322333,0.38132536,3,25.612496949731398,0.2941546350717544,28.319604517012596,6.268790435791016,1,2,1
021_F3,6.082762530298219,0.24843045,3,8.06225774829855,0.2774683445692062,2.8284271247461903,6.016875076293945,1,2,2
029_F3,14.7648230602334,0.3238281,3,7.071067811865476,0.4219322890043259,8.48528137423857,5.923584794998169,1,0,2
030_F3,20.518284528683196,0.3733133,3,15.524174696260024,0.3787032663822174,16.1245154965971,6.276939582824707,1,1,1
303_F3,3.0,0.43602023,3,1.0,0.3885256916284561,4.47213595499958,4.690508413314819,0,0,0
089_F3,7.071067811865476,0.31715503,3,2.0,0.2320993185043335,15.620499351813308,24.391493034362792,2,2,2
398_F3,13.41640786499874,0.26339325,3,18.027756377319943,0.3509831428527832,16.0312195418814,5.866495704650879,1,1,2
012_F3,17.88854381999832,0.32810622,3,9.219544457292889,0.3466128706932068,12.649110640673518,4.0287374496459964,0,1,2
254_F3,8.0,0.35939857,3,5.830951894845301,0.3929033637046814,5.0,3.6664729833602903,0,0,1
249_F3,6.4031242374328485,0.32495815,3,3.1622776601683795,0.3475074619054794,4.47213595499958,6.555182266235351,1,1,2
136_F3,13.152946437965904,0.373271,3,12.16552506059644,0.3767846256494522,7.280109889280518,7.99039888381958,2,1,1
128_F3,12.16552506059644,0.36925378,3,19.026297590440446,0.4085747241973877,14.0356688476182,4.882289552688599,1,0,1
391_F3,7.280109889280518,0.31487215,3,11.31370849898476,0.4098987340927124,7.615773105863909,4.551174736022949,0,0,2
