uid,E-CPV Error,E-CPV Uncertainty,E-MHA Error,E-MHA Uncertainty,S-MHA Error,S-MHA Uncertainty,Validation Fold,Testing Fold,E-CPV Uncertainty bins,E-MHA Uncertainty bins,S-MHA Uncertainty bins
PHD_2154,5.0990195,19.59513301849365,17.691807,0.1374906488741544,5.0,0.3747925564365482,1,0,4,4,3
PHD_2158,9.486833,1.2957417249679566,10.770329,0.2977305863052606,10.198039,0.8395861586635472,1,0,0,3,2
PHD_217,5.656854,2.224621105194092,5.0,0.7662961145862937,8.062258,0.1855394820578881,1,0,2,1,3
PHD_2194,84.15462,44.77465591430664,134.33168,0.0272821933031082,106.01887,0.0307473408762589,1,0,4,4,4
PHD_220,12.529964,8.645125198364259,4.2426405,0.1029794810190651,27.294687,0.1636782782343713,1,0,3,4,3
PHD_2206,2.236068,1.6,1.4142135,1.0578708052635193,3.1622777,1.360597834797979,1,0,0,0,1
PHD_2212,5.3851647,1.8809836626052856,6.0827627,1.1351996660232544,6.0827627,2.3384114743518585,1,0,1,0,0
PHD_2217,4.1231055,2.433234930038452,5.0,0.629494984447956,1.0,1.1125206830255026,1,0,2,2,2
PHD_2223,3.6055512,4.424345827102661,4.1231055,0.1958885337226092,9.055386,0.1073849425551031,1,0,3,3,4
PHD_2236,5.0,1.3772699117660523,4.2426405,1.248548436164856,4.2426405,2.04067062059398,1,0,0,0,0
PHD_2239,3.6055512,1.5300563097000122,3.1622777,1.1892958998680114,3.1622777,1.8458808545518184,1,0,0,0,0
PHD_2243,7.2111025,1.9300563097000123,6.3245554,0.6449513554573059,7.071068,0.9158126473054776,1,0,1,2,2
PHD_2245,5.0,2.909964609146118,7.81025,0.6780238628387452,5.8309517,0.8570424487285345,1,0,2,2,2
PHD_2252,6.708204,2.0601126194000243,7.2111025,0.4354014605283737,6.3245554,0.5722613100681425,1,0,2,2,3
PHD_2253,3.6055512,1.6957417249679565,4.472136,0.7603867769241333,2.236068,0.8795098399252497,1,0,1,1,2
PHD_2259,1.4142135,3.4124515533447264,3.1622777,0.5381672397255898,3.1622777,0.5778383135226731,1,0,2,2,3
PHD_226,4.2426405,2.789442276954651,3.6055512,0.7137276839464903,2.828427,1.4109818390107864,1,0,2,1,1
PHD_2275,5.0,1.5300563097000122,4.472136,0.9365370124578476,5.3851647,0.9667116541756782,1,0,0,1,2
PHD_2276,17.464249,13.370271301269533,9.486833,0.3031171411275863,6.4031243,0.7815953816447143,1,0,4,3,2
PHD_2278,5.0,1.8244835138320925,5.0,0.9060293316841126,5.0990195,1.61228822174971,1,0,1,1,0
PHD_229,7.615773,15.33919553756714,15.033297,0.1067577245645225,23.021729,0.0458496823842458,1,0,4,4,4
PHD_2295,1.0,2.390306520462036,0.0,0.6600812077522278,1.0,1.187266397918813,1,0,2,2,2
PHD_2319,2.236068,0.9656854152679444,2.0,1.4152291893959046,3.0,1.3100226584619994,1,0,0,0,1
PHD_2328,5.0990195,1.1300563097000125,5.0990195,1.3428892016410827,5.0990195,1.763945496224875,1,0,0,0,0
PHD_233,3.1622777,0.8828427076339722,3.1622777,0.6332018494606018,3.1622777,0.5924903101880369,1,0,0,2,3
PHD_2354,4.472136,1.7250632047653198,5.3851647,1.0808616787195209,5.0990195,2.547592676309272,1,0,1,0,0
PHD_2358,12.165525,2.719251203536987,9.219544,0.4814634919166565,10.0,1.2072281696240863,1,0,2,2,2
PHD_239,5.0,1.8,4.472136,0.8918377161026001,5.656854,1.1355570556237922,1,0,1,1,2
PHD_2431,9.848858,2.8640655517578124,8.5440035,0.3245585083961487,13.892444,0.2532722421608398,1,0,2,3,3
PHD_2458,11.18034,5.751066732406616,8.944272,0.1549707195721566,12.206555,0.3626701795304706,1,0,3,4,3
PHD_2469,6.0827627,6.958156490325928,2.236068,0.3730495183901325,20.808653,0.0710383728546494,1,0,3,3,4
PHD_2496,2.0,1.5152982473373413,2.236068,1.392896443605423,3.1622777,1.899701053656316,1,0,0,0,0
PHD_2506,8.602325,3.620702362060547,5.0990195,0.1860852138255722,12.0415945,0.217218134977355,1,0,2,3,3
PHD_2514,4.472136,0.9300563097000122,3.6055512,1.115684300661087,4.472136,1.3599115408119091,1,0,0,0,1
PHD_253,4.0,1.7313708305358886,3.1622777,0.9861060291528702,4.1231055,1.3793724750586858,1,0,1,1,1
PHD_2537,5.0,3.1703524589538574,6.708204,0.9132587552070618,6.708204,1.847202780694796,1,0,2,1,0
PHD_2540,1.0,2.302646613121033,3.1622777,0.7086435053497553,1.0,1.170797987993429,1,0,2,2,2
PHD_256,3.1622777,3.000779390335083,4.472136,0.5887284874916077,5.8309517,0.969519404172632,1,0,2,2,2
PHD_259,8.062258,2.5785844326019287,10.0,0.4468231976032257,6.708204,0.3971937204512509,1,0,2,2,3
PHD_260,3.0,2.1429553270339965,2.236068,0.8370525494217873,2.236068,1.424051023242341,1,0,2,1,1
PHD_2604,26.172504,1.0,27.166155,1.135115683078766,25.179358,1.112572536433848,1,0,0,0,2
PHD_2615,2.236068,2.032455539703369,2.236068,0.9913378298282624,5.3851647,1.3206090507454944,1,0,2,0,1
PHD_2622,4.1231055,1.6,4.1231055,0.8775460243225097,4.0,0.8083123178586119,1,0,0,1,2
PHD_2636,4.1231055,1.1300563097000125,5.0990195,1.247473311424255,4.0,1.510604424639564,1,0,0,0,1
PHD_2638,5.0990195,1.7152982473373413,5.0990195,0.8208183765411377,6.3245554,0.638240440372764,1,0,1,1,3
PHD_2641,7.615773,16.09771671295166,10.440307,0.0658985373665018,25.059929,0.0541256012714648,1,0,4,4,4
PHD_2643,10.198039,1.9625118494033813,10.049875,0.7135760307312011,10.770329,1.0395725639902726,1,0,1,1,2
PHD_2659,9.055386,1.3656854152679443,8.062258,0.905530232191086,8.062258,1.4658337751108907,1,0,0,1,1
PHD_2664,2.828427,1.282842707633972,3.1622777,1.2570956587791442,3.1622777,1.8405377040683768,1,0,0,0,0
PHD_2675,5.8309517,2.3901689052581787,5.8309517,0.7545311391353607,5.3851647,0.998942585324248,1,0,2,1,2
PHD_268,5.3851647,1.482842707633972,5.3851647,0.988348662853241,5.0,1.5032682253013427,1,0,0,0,1
PHD_2686,5.3851647,1.0324555397033692,5.8309517,1.034806740283966,5.8309517,0.8449009482102031,1,0,0,0,2
PHD_2688,5.8309517,1.9073262214660645,6.3245554,0.85166335105896,8.062258,1.0778528559566949,1,0,1,1,2
PHD_2690,2.828427,1.0828427076339722,3.6055512,1.2464722633361816,3.6055512,1.6870725532420363,2,1,0,0,0
PHD_2692,4.1231055,1.04721360206604,4.1231055,1.403401827812195,4.1231055,1.2998436108512814,2,1,0,0,1
PHD_2697,4.2426405,3.309557700157165,7.2111025,0.5032563949003815,5.0,0.6197046736099872,2,1,3,3,4
PHD_27,1.0,1.7340092658996582,1.0,0.5338669508695603,3.1622777,0.2641617778075997,2,1,2,3,4
PHD_2701,5.0990195,2.451166558265686,6.0827627,0.471623782068491,9.055386,0.7714749908818873,2,1,3,3,3
PHD_2709,8.602325,3.189157629013061,10.816654,0.5333227932453155,11.661903,0.9766497245514406,2,1,3,3,3
PHD_2710,3.1622777,4.285442066192627,6.0,0.2578114362346241,3.1622777,0.6958941714292342,2,1,4,4,4
PHD_2716,2.236068,3.0670175075531008,3.6055512,0.3174596857279539,3.6055512,0.2994344748178024,2,1,3,4,4
PHD_272,6.0,2.308640742301941,7.28011,0.6686184883117676,7.28011,0.4850480847832332,2,1,2,3,4
PHD_2724,6.4031243,2.289434099197388,5.8309517,0.5048085868358612,5.8309517,0.3930122910018702,2,1,2,3,4
PHD_2726,6.0,0.6828427076339721,6.0,1.0447012782096865,6.0827627,0.834822185307339,2,1,0,1,3
PHD_2728,6.3245554,2.504290246963501,5.3851647,0.4814727619290352,8.062258,0.4064974373778713,2,1,3,3,4
PHD_2731,3.1622777,2.24721360206604,2.236068,0.3237952589988708,5.3851647,0.4486993603113576,2,1,2,4,4
PHD_2734,3.0,1.2485281229019165,2.236068,1.1856281161308289,2.236068,1.2127132660285966,2,1,1,0,1
PHD_274,5.0990195,2.2957417249679564,5.0990195,0.5901116967201233,4.1231055,0.4202981647609146,2,1,2,3,4
PHD_2740,3.1622777,1.0828427076339722,3.1622777,1.2878832697868348,4.1231055,1.8913750134670289,2,1,0,0,0
PHD_2745,5.0,1.1300563097000125,5.656854,1.27808575630188,5.8309517,1.2472460161126824,2,1,0,0,1
PHD_275,5.3851647,8.408691382408142,5.8309517,0.1369041576981544,1.4142135,0.1564821094596672,2,1,4,4,4
PHD_2757,6.4031243,1.9300563097000123,7.2111025,0.6047887563705444,7.81025,1.0637990607431964,2,1,2,3,2
PHD_285,6.0827627,1.5300563097000122,7.071068,1.0672890543937683,8.062258,1.0473847693385303,2,1,1,1,2
PHD_292,4.472136,1.4796691417694092,4.472136,0.7769175231456756,5.3851647,0.4305267252835777,2,1,1,2,4
PHD_295,15.132746,9.631551694869994,8.0,0.2340066332370042,13.0,0.1247085630111471,2,1,4,4,4
PHD_304,13.0,3.2778100967407227,14.866069,0.1395324058830738,12.0,0.2141419745812101,2,1,3,4,4
PHD_315,3.1622777,3.246669054031372,3.1622777,0.4762547045946121,5.0,0.3066570440262924,2,1,3,3,4
PHD_330,14.422205,19.402289390563965,8.5440035,0.3330290675163269,7.28011,0.4662000661618032,2,1,4,4,4
PHD_342,2.236068,2.0,2.236068,0.7206894278526306,3.6055512,0.8500966592810728,2,1,2,2,3
PHD_346,2.828427,5.861418533325195,10.198039,0.1603845658944919,1.0,0.1063874073772801,2,1,4,4,4
PHD_35,3.6055512,2.462751054763794,2.236068,0.2800252087414264,0.0,0.2619425519595836,2,1,3,4,4
PHD_367,4.0,3.1638263702392577,2.0,0.6705407530069352,8.944272,0.5805168830506795,2,1,3,3,4
PHD_37,8.062258,8.444651222229004,10.440307,0.1852110499283298,12.369317,0.0493818388088483,2,1,4,4,4
PHD_387,5.0,1.8796691417694087,4.0,0.7452475965023041,3.0,1.3177996603169402,2,1,2,2,1
PHD_390,2.236068,2.754677414894104,4.1231055,0.7184419989585876,5.0990195,1.454514100267683,2,1,3,2,1
PHD_393,3.0,2.8867583990097048,4.472136,0.1997337909415364,2.828427,0.0227698938268719,2,1,3,4,4
PHD_395,4.0,1.5300563097000122,3.0,0.9288309931755064,5.0990195,0.7643843452518928,2,1,1,1,3
PHD_397,8.246211,2.0601126194000243,8.246211,0.9132325887680054,5.3851647,1.068530478784396,2,1,2,2,2
PHD_403,7.81025,1.6,8.485281,1.0580227971076963,8.602325,1.3320118054422403,2,1,1,1,1
PHD_408,11.18034,4.807261061668396,9.433981,0.2359232872724533,11.18034,0.1433492682842773,2,1,4,4,4
PHD_409,53.413483,54.29124984741211,90.13878,0.0967443227767944,101.0,0.191451710948214,2,1,4,4,4
PHD_41,6.0827627,2.1812228679656984,5.8309517,0.4785792529582977,4.2426405,0.7203579219963053,2,1,2,3,4
PHD_410,10.816654,20.417686462402344,11.045361,0.1605723035987466,11.045361,0.6395247484112498,2,1,4,4,4
PHD_413,4.472136,7.663260746002197,5.0,0.3513317465782165,5.0990195,0.050456723675468,2,1,4,4,4
PHD_415,3.1622777,29.48892679214477,8.944272,0.1290133567294105,39.20459,0.0725942206492391,2,1,4,4,4
PHD_417,9.486833,2.778584432601929,9.055386,0.2733906972338445,8.602325,0.0673401173335197,2,1,3,4,4
PHD_419,4.2426405,10.528840732574462,1.0,0.2610223199662869,9.055386,0.0426553202610802,2,1,4,4,4
PHD_427,6.708204,0.8,6.3245554,1.4170097351074218,5.8309517,1.2940462678285436,2,1,0,0,1
PHD_43,8.5440035,5.818965053558349,2.236068,0.3750270644013653,3.0,1.3141805530945456,2,1,4,4,1
PHD_442,5.0,2.92086775302887,5.0990195,0.5903672441840172,4.472136,1.1014008101902226,2,1,3,3,2
PHD_443,0.0,2.531850790977478,1.0,0.4464095365256071,6.0827627,0.3181974847533379,2,1,3,3,4
PHD_444,5.0,4.618449783325195,3.6055512,0.3113917196169495,10.630146,0.7536512294700332,2,1,4,4,4
PHD_462,4.1231055,2.178584432601929,4.472136,1.0665391027927398,4.2426405,1.345071060305285,2,1,2,1,1
PHD_463,5.656854,2.4730116367340087,6.3245554,0.8826564386487007,5.8309517,0.7723648564015413,2,1,3,2,3
PHD_464,4.2426405,2.479916524887085,5.3851647,0.2830066934227943,6.4031243,0.4678528562898827,2,1,3,4,4
PHD_465,2.828427,1.3981409549713135,2.828427,1.0684930682182312,3.6055512,1.2202935159267907,2,1,1,1,1
PHD_467,3.1622777,0.9656854152679444,3.1622777,1.2705827116966248,3.0,1.993797047452843,3,2,0,0,0
PHD_469,3.6055512,8.307338333129882,1.4142135,0.3681347995996475,2.236068,1.276805461565169,3,2,3,2,1
PHD_47,5.0,3.563348150253296,5.3851647,0.624576598405838,5.8309517,1.2347085673278906,3,2,2,1,1
PHD_480,4.472136,1.44721360206604,4.2426405,0.901525455713272,2.828427,1.881468536209313,3,2,0,0,0
PHD_482,6.0,5.012824869155883,5.0,0.1375945898937061,5.0,0.208663369712719,3,2,2,4,4
PHD_49,9.055386,4.681927490234375,9.0,0.195427955687046,9.0,0.4352065538749903,3,2,2,3,3
PHD_499,12.0,7.692223501205444,8.0,0.2132122982293367,28.01785,0.5105732214830513,3,2,3,3,3
PHD_50,3.6055512,1.0,3.6055512,1.1753441095352173,4.472136,1.2376074359517304,3,2,0,0,1
PHD_524,9.219544,2.0128990173339845,9.055386,0.4632102265954018,7.071068,0.8745075816113068,3,2,1,2,2
PHD_526,7.615773,5.121877145767212,5.8309517,0.2908798771910369,5.8309517,0.8974192316629772,3,2,2,3,2
PHD_527,1.4142135,1.84721360206604,1.4142135,0.8646008014678955,1.4142135,1.182652545380796,3,2,1,0,1
PHD_529,5.0,3.881697750091553,2.0,0.4353749119094573,2.236068,1.2886591540460908,3,2,2,2,0
PHD_530,3.6055512,0.84721360206604,3.6055512,0.8266369804739953,3.6055512,1.484927516334135,3,2,0,1,0
PHD_531,4.1231055,1.04721360206604,4.1231055,1.301024454832077,4.1231055,1.4499247414992211,3,2,0,0,0
PHD_534,6.0827627,4.828574061393738,5.8309517,0.1413457272516098,4.2426405,0.2297359710185277,3,2,2,4,4
PHD_535,2.236068,2.6032055139541628,2.236068,0.2839529648423194,6.3245554,0.5517331772949716,3,2,2,3,3
PHD_539,3.6055512,4.620407390594482,3.0,0.3786986658815294,4.0,0.4910382549677315,3,2,2,2,3
PHD_540,7.071068,1.9477537870407104,7.071068,0.8211054995656013,7.28011,1.6186221891230137,3,2,1,1,0
PHD_546,4.472136,2.2360680103302,2.828427,0.9587558746337892,3.6055512,1.5923696730464345,3,2,1,0,0
PHD_55,6.4031243,2.7528183698654174,4.472136,0.5910215020179749,4.0,1.3793114240660564,3,2,2,1,0
PHD_551,9.0,7.529862880706787,5.8309517,0.1556964028393849,6.0827627,0.2163727914926048,3,2,3,4,4
PHD_552,2.236068,1.5416408061981202,2.236068,0.6291379153728485,2.0,1.2955152908074732,3,2,0,1,0
PHD_554,3.6055512,1.64721360206604,3.6055512,0.476314041018486,4.2426405,0.8673845655453949,3,2,0,2,2
PHD_555,7.28011,11.41471996307373,6.0827627,0.1618907000432955,27.513634,0.4727607306109768,3,2,3,4,3
PHD_559,1.4142135,2.003952956199646,3.1622777,1.3339264571666718,2.0,2.032282025240104,3,2,1,0,0
PHD_59,11.0,4.964208126068115,10.440307,0.4126087130745873,10.770329,0.954640362909335,3,2,2,2,1
PHD_60,3.6055512,2.8142135620117186,2.828427,0.7142535597085953,4.2426405,0.7480726001125323,3,2,2,1,2
PHD_643,13.928389,5.342436218261719,11.401754,0.1783530655317008,11.401754,0.3938217757190729,3,2,2,3,4
PHD_658,5.0,1.0,4.472136,0.9607879281044006,5.8309517,1.7147313152912973,3,2,0,0,0
PHD_687,2.236068,1.3211102485656738,1.4142135,0.6763836753088981,1.0,0.9326163791746528,3,2,0,1,2
PHD_7,7.071068,2.390306520462036,4.1231055,0.2476308101089671,4.1231055,0.978126666953805,3,2,1,3,1
PHD_709,8.944272,6.85304822921753,7.0,0.3134077846072614,5.0,0.416017216749496,3,2,3,3,3
PHD_715,2.0,0.8828427076339722,2.0,1.13464994430542,2.0,1.4888262816056628,3,2,0,0,0
PHD_719,1.4142135,1.832455539703369,2.236068,0.9079720079898834,3.1622777,1.6100492859255104,3,2,1,0,0
PHD_73,3.6055512,2.871697115898132,2.236068,0.5715467236936093,2.236068,1.595950293154612,3,2,2,1,0
PHD_741,2.0,1.632455539703369,2.236068,0.7956117421388627,2.236068,1.4849703971863195,3,2,0,1,0
PHD_841,6.4031243,2.1981409549713136,7.2111025,0.5283044405281544,8.062258,0.9852812997456758,3,2,1,2,1
PHD_87,10.198039,3.94164080619812,14.866069,0.33448615539819,14.866069,0.7985607848161659,3,2,2,3,2
PHD_897,5.0990195,11.059843826293946,0.0,0.152609773655422,31.38471,0.1657417425887987,3,2,3,4,4
PHD_9,7.28011,2.2716971158981325,6.3245554,0.7523802608251572,6.3245554,1.4602351326270004,3,2,1,1,0
PHD_910,6.708204,6.00284333229065,5.0990195,0.3592122892849147,6.3245554,1.041760254099333,3,2,3,2,1
PHD_93,6.4031243,2.4907485961914064,4.2426405,0.871223333477974,7.071068,2.2884619905807178,3,2,1,0,0
PHD_96,4.1231055,2.624621105194092,4.1231055,0.6801233768463135,7.071068,1.1370293210638196,3,2,2,1,1
PHD_97,5.0990195,2.944580221176148,5.0990195,0.9539911717176436,6.0827627,1.9465453573562927,3,2,2,0,0
PHD_1032,2.828427,1.8,2.236068,0.661775553226471,2.236068,1.1097467570211486,3,2,0,1,1
PHD_1106,4.472136,13.621975421905518,5.0,0.1743455499410629,4.1231055,0.3218912185977655,3,2,3,4,4
PHD_1379,7.0,1.44721360206604,8.0,0.7371283292770385,9.0,0.892518184383266,3,2,0,1,2
PHD_1458,1.0,1.44721360206604,1.4142135,1.2792195677757263,1.4142135,2.305830368358952,3,2,0,0,0
PHD_1905,2.0,2.617581844329834,2.236068,0.3927039265632629,2.236068,0.7941270282017024,3,2,2,2,2
PHD_2205,10.0,2.964306330680848,10.198039,0.5814730624202639,13.038404,0.9704789647027128,3,2,2,1,1
PHD_2233,5.656854,3.6370726585388176,4.472136,0.8284986972808838,4.472136,1.5719267017170393,3,2,2,1,0
PHD_2310,3.0,0.8828427076339722,3.0,1.4141387224197388,4.1231055,1.8407123235169232,3,2,0,0,0
PHD_2352,1.4142135,1.7625118494033811,1.4142135,0.9513930797576904,0.0,1.5421968587489747,3,2,0,0,0
PHD_2432,2.828427,3.2353413581848143,3.1622777,0.5985780032351613,2.0,1.4590780907526448,4,3,2,1,0
PHD_2460,2.0,5.009491300582885,4.2426405,0.4227005332548287,4.2426405,0.666562012157575,4,3,3,2,3
PHD_2462,2.236068,5.41832332611084,2.236068,0.7095986753702164,2.236068,1.1211961316710306,4,3,3,0,2
PHD_2486,2.236068,4.390580081939698,4.2426405,0.2163096532225608,1.0,0.4533397453797744,4,3,3,4,4
PHD_2497,1.0,1.590306520462036,2.0,0.7859441155567766,2.236068,1.2432296292058809,4,3,0,0,1
PHD_2640,13.038404,13.373618030548096,8.246211,0.5462278246879577,7.071068,0.9558857987159052,4,3,3,1,3
PHD_3205,2.236068,1.482842707633972,1.4142135,0.7916409477591515,2.236068,1.41568236872258,4,3,0,0,1
PHD_361,12.0,16.487854385375975,1.4142135,0.1668370462633902,15.0,0.2647558555714114,4,3,3,4,4
PHD_4039,5.0,2.9744813203811646,4.1231055,0.4007382736119325,4.1231055,1.4509474500047506,4,3,1,2,1
PHD_4136,3.1622777,3.851286196708679,3.1622777,0.3502038021571934,5.0990195,0.4886281246849284,4,3,2,3,4
PHD_4160,17.029387,32.95030746459961,4.2426405,0.3187429923564195,6.708204,0.595101877999955,4,3,4,3,4
PHD_4167,3.6055512,2.554677414894104,2.0,0.5440831363201142,2.0,1.4650515217615412,4,3,1,1,0
PHD_4178,3.1622777,3.921539783477783,3.6055512,0.39229091249872,3.6055512,1.00307317778708,4,3,2,2,3
PHD_4183,2.0,2.385489320755005,2.236068,0.757997703552246,3.1622777,2.148762954815512,4,3,0,0,0
PHD_4198,5.0,2.729152965545654,5.0,0.582112617813982,7.0,0.5139883472015451,4,3,1,1,4
PHD_4199,2.0,1.2485281229019165,2.236068,0.859026837348938,2.236068,1.5436128690633906,4,3,0,0,0
PHD_4221,2.0,2.0983801603317263,3.0,0.6548891469836235,3.6055512,1.110197074616356,4,3,0,1,2
PHD_4225,3.1622777,3.583042287826538,3.6055512,0.3925189353525639,3.1622777,1.0295551810834052,4,3,2,2,2
PHD_4236,2.236068,6.511689376831055,2.0,0.3645464718341827,1.4142135,0.8952324962027468,4,3,3,3,3
PHD_4264,1.4142135,4.281303405761719,1.0,0.4202991396188736,2.236068,0.883726451986473,4,3,2,2,3
PHD_4265,18.439089,27.558028984069825,2.236068,0.6341750532388687,3.1622777,1.1929604692854243,4,3,4,1,1
PHD_4267,1.0,1.64721360206604,2.236068,0.6854443490505219,3.1622777,0.9151180124628594,4,3,0,0,3
PHD_4268,1.0,2.554677414894104,2.0,0.6253417888656259,2.0,1.019781004158026,4,3,1,1,2
PHD_4270,3.0,1.5313708305358886,4.0,0.8402662187814712,3.1622777,1.480964249182897,4,3,0,0,0
PHD_4284,3.6055512,5.873762750625611,3.1622777,0.6478533864021301,3.0,1.3727028373272618,4,3,3,1,1
PHD_4285,1.4142135,4.832158470153809,2.236068,0.462005757226143,1.4142135,0.8753226824350488,4,3,3,2,3
PHD_4290,2.236068,4.34668664932251,3.1622777,0.408381412923336,6.0827627,0.731047335270437,4,3,2,2,3
PHD_4307,3.1622777,1.851166558265686,2.236068,0.7414814740419388,2.0,1.350023130406037,4,3,0,0,1
PHD_4309,2.236068,2.0244835138320925,2.0,0.9414886474609376,2.236068,1.493029558109746,4,3,0,0,0
PHD_4313,4.472136,1.3981409549713135,4.2426405,0.8907687485218048,5.0990195,1.7509641810701353,4,3,0,0,0
PHD_4315,7.28011,6.580704116821289,4.1231055,0.4846389479935169,3.0,1.3579192419750572,4,3,3,2,1
PHD_4316,7.28011,11.633223819732669,2.828427,0.4875202924013138,3.1622777,1.289706875135193,4,3,3,2,1
PHD_4318,3.6055512,4.066094160079956,5.0,0.3940934105194174,1.4142135,0.8510980686159878,4,3,2,2,3
PHD_4330,2.236068,2.3714601516723635,2.828427,0.6651844672858716,2.828427,1.1283720125956735,4,3,0,1,2
PHD_4341,1.0,2.2688640356063843,1.4142135,0.6980747371912003,3.6055512,1.409210535924092,4,3,0,0,1
PHD_4349,1.4142135,1.6128990173339843,1.4142135,0.8273901820182801,0.0,1.1411297869582064,4,3,0,0,2
PHD_4362,3.6055512,2.2097254514694216,2.236068,0.7249814465176314,4.472136,1.6415904362947558,4,3,0,0,0
PHD_4368,5.0990195,1.6601126194000244,6.0827627,0.5690572485327721,4.1231055,1.3272195234466535,4,3,0,1,1
PHD_4370,11.401754,12.067671394348144,7.615773,0.3772861063480377,8.0,1.119111838518986,4,3,3,3,2
PHD_4372,4.2426405,4.595436477661133,1.4142135,0.5152718219498638,1.0,1.1470335216466503,4,3,3,2,2
PHD_4382,3.1622777,3.3071315765380858,3.1622777,0.4741555178668932,4.1231055,0.8962507528125957,4,3,2,2,3
PHD_4387,2.236068,4.508640766143799,2.0,0.5239699955913238,4.2426405,1.3668648655682791,4,3,3,2,1
PHD_4393,9.219544,4.483247113227844,7.0,0.3330941442400217,3.1622777,0.6838142306549225,4,3,3,3,3
PHD_4399,24.083189,37.58051071166992,2.236068,0.489323079586029,2.0,0.7367286593659591,4,3,4,2,3
PHD_4403,4.1231055,3.944269871711731,3.1622777,0.586726277548587,5.8309517,1.0703830945331616,4,3,2,1,2
PHD_4404,1.0,1.5313708305358886,1.0,0.6960768133401871,3.6055512,1.7334341368204906,4,3,0,0,0
PHD_4412,6.4031243,15.089919567108154,1.0,0.0969972925260663,1.0,0.2788009720744273,4,3,3,4,4
PHD_4415,1.0,1.1300563097000125,1.0,0.7851174652576447,1.0,1.3090033032065544,4,3,0,0,1
PHD_4417,5.3851647,4.011856508255005,6.0,0.2948714252575882,7.071068,0.6292715044907139,4,3,2,3,3
PHD_4420,20.880613,31.600047302246093,1.4142135,0.6339352130889893,2.0,1.2403591781359595,4,3,4,1,1
PHD_4423,2.0,2.647992992401123,2.828427,0.6683155298233032,5.3851647,1.5493479764401754,4,3,1,1,0
PHD_4426,1.0,2.04721360206604,1.0,0.8449693337082863,1.0,1.370574214963173,4,3,0,0,1
PHD_4435,2.828427,2.621309947967529,4.1231055,0.5554561791941524,1.4142135,1.670330798964617,4,3,1,1,0
PHD_4437,4.472136,1.1300563097000125,5.3851647,1.2528193473815918,5.8309517,1.0472315855607353,5,4,0,0,0
PHD_4440,4.1231055,2.471834707260132,5.0,0.6110664665699005,2.0,0.5720272210051537,5,4,3,3,3
PHD_4451,3.1622777,3.693882703781128,6.0,0.4881900310516357,9.055386,0.5914090103606318,5,4,4,4,3
PHD_4455,2.236068,0.2828427076339722,2.236068,1.3037287831306457,2.236068,1.1475584702514574,5,4,0,0,0
PHD_4458,2.236068,2.6570766448974608,1.4142135,0.7302329689264297,4.1231055,0.9020993012447196,5,4,3,3,1
PHD_4462,10.049875,4.935491037368775,8.062258,0.4284235671162605,2.0,0.2816177043646689,5,4,4,4,4
PHD_4466,2.236068,1.6128990173339843,2.236068,0.9238007009029388,2.236068,1.019861839063196,5,4,1,2,0
PHD_4474,3.0,2.4213099479675293,3.6055512,0.3920150518417358,3.0,0.4249419120839767,5,4,3,4,4
PHD_4481,2.0,1.6601126194000244,2.0,0.6288549721240997,4.1231055,0.6344323052033647,5,4,1,3,3
PHD_4482,11.045361,3.0097254514694214,13.152946,0.5926206409931183,14.142136,0.6433160170978792,5,4,4,3,3
PHD_4484,5.0990195,4.711921691894531,9.486833,0.2010420650243759,2.236068,0.4136325084249833,5,4,4,4,4
PHD_4496,3.0,1.5625118494033814,3.0,0.5312737822532654,1.0,0.6674285548393003,5,4,1,3,3
PHD_4498,8.062258,1.4,8.062258,0.6818444311618805,7.615773,0.611837150606189,5,4,1,3,3
PHD_4501,1.0,2.377269911766052,2.236068,0.7988872498273849,4.1231055,0.7390070279930793,5,4,3,2,2
PHD_4506,2.828427,1.4128990173339844,2.828427,1.1018983960151671,4.2426405,0.9284526083555446,5,4,1,0,1
PHD_4512,5.0,1.4957417249679563,5.8309517,1.1204380214214325,5.8309517,1.205721284063261,5,4,1,0,0
PHD_4523,2.828427,1.04721360206604,2.828427,1.09691179394722,2.236068,0.8162602426099675,5,4,0,0,2
PHD_4532,1.4142135,3.5777087688446043,3.1622777,0.5460205733776092,7.28011,1.0743018847372223,5,4,4,3,0
PHD_4535,3.1622777,1.9268827438354488,3.0,0.6116995871067047,2.236068,0.7261941088919452,5,4,2,3,2
PHD_4542,4.472136,15.856061553955078,6.4031243,0.1149800478480756,23.70654,0.044209144184004,5,4,4,4,4
PHD_4553,2.236068,3.590306520462036,2.0,0.5708840250968933,2.236068,0.8279951469397626,5,4,4,3,2
PHD_4582,2.236068,1.9785844326019288,1.0,1.0470000326633453,3.6055512,1.6591147596776632,5,4,2,1,0
PHD_4621,4.1231055,2.921110248565674,2.236068,0.4845855646766722,7.071068,0.7674757939140548,5,4,4,4,2
PHD_4648,5.0990195,1.74164080619812,5.0990195,0.7190333664417267,4.1231055,0.6564020846057352,5,4,1,3,3
PHD_4677,4.1231055,1.84721360206604,4.472136,0.6766530930995941,5.0,0.7097941827638689,5,4,2,3,2
PHD_4721,2.236068,3.418476867675781,1.4142135,0.6179102987051011,5.3851647,0.750218219827467,5,4,4,3,2
PHD_4727,3.1622777,2.315298247337341,2.0,0.532536155730486,4.472136,0.6789132134489486,5,4,3,3,2
PHD_4898,9.0,8.454986000061036,18.0,0.4551900580525398,21.0,0.5992303784135543,5,4,4,4,3
PHD_4921,11.0,2.49442720413208,13.0,0.625730574131012,13.038404,0.3162502648419784,5,4,3,3,4
PHD_4922,7.071068,3.04721360206604,5.0990195,0.633687736839056,13.038404,0.1926539089194182,5,4,4,3,4
PHD_4937,2.236068,1.5416408061981202,2.828427,0.5663120448589325,2.828427,0.7583439966571845,5,4,1,3,2
PHD_4979,0.0,1.730056309700012,2.0,0.9110685169696808,1.4142135,1.1181138669212003,5,4,1,2,0
PHD_4983,3.0,1.9073262214660645,3.1622777,0.9566901326179504,5.0990195,0.9172319896635202,5,4,2,1,1
PHD_4988,7.81025,3.951706743240357,4.2426405,0.2642913073301315,9.433981,0.4494416005260609,5,4,4,4,3
PHD_4997,6.708204,2.449242210388184,6.708204,0.4136668369174003,6.708204,0.4141645921025008,5,4,3,4,4
PHD_5001,6.0827627,1.686795663833618,6.0,0.8397260427474975,5.656854,0.574546510574294,5,4,1,2,3
PHD_5015,2.236068,2.504290246963501,2.828427,0.2299454919993877,5.0,0.205456595685787,5,4,3,4,4
PHD_5043,9.055386,4.822070598602295,4.0,0.3555540814995765,7.071068,0.4996672680761615,5,4,4,4,3
PHD_5047,3.1622777,0.9656854152679444,4.1231055,1.108082151412964,4.1231055,0.9869833890820976,5,4,0,0,1
PHD_5049,4.472136,2.04721360206604,5.0990195,0.5114331901073456,5.3851647,0.6168454839651569,5,4,2,3,3
PHD_5059,3.6055512,2.504290246963501,3.6055512,0.2859663367271423,3.6055512,0.2238191905034957,5,4,3,4,4
PHD_5062,2.828427,2.414927625656128,2.236068,0.3771252050995827,6.0827627,0.7817527277090397,5,4,3,4,2
PHD_5069,2.236068,1.886795663833618,2.828427,0.5745799720287323,2.828427,0.5563163706552169,5,4,2,3,3
PHD_5072,3.6055512,1.6198039054870603,3.6055512,1.1551978588104248,5.3851647,1.1076492566158276,5,4,1,0,0
PHD_5098,2.236068,2.1152982473373414,1.0,0.7907220602035523,5.0,0.629305780352642,5,4,3,2,3
PHD_5109,9.486833,1.4485281229019165,9.219544,0.7190853893756867,8.246211,1.087718063617786,5,4,1,3,0
PHD_5117,5.0,1.6128990173339843,5.0,0.999383783340454,6.0827627,1.278015390927225,5,4,1,1,0
PHD_5131,4.472136,2.5203628301620484,6.3245554,0.4041973233222961,3.0,0.7519257753007961,5,4,3,4,2
PHD_5139,2.0,2.351503849029541,2.828427,0.5927870690822601,2.236068,0.8868182812112543,5,4,3,3,1
PHD_5146,20.615528,32.3555347442627,4.2426405,0.1180847561859991,100.239716,0.0133189576867172,5,4,4,4,4
PHD_5154,4.1231055,2.779898977279663,3.1622777,0.8082665652036667,9.848858,0.7350235259295174,5,4,4,2,2
PHD_5157,3.6055512,2.6032055139541628,3.6055512,0.7552127122879029,5.0990195,0.8298010316587043,5,4,3,2,2
PHD_5163,3.6055512,2.568323850631714,1.4142135,0.8211646735668182,5.0,0.9752175682529212,5,4,3,2,1
PHD_5165,2.236068,1.403952956199646,2.828427,0.8163337036967278,2.828427,1.0392386681877457,6,5,0,1,2
PHD_5172,2.0,1.7888544082641602,4.1231055,0.9174536168575288,2.0,0.8878268963182454,6,5,0,0,2
PHD_5187,3.6055512,2.5300563097000124,4.2426405,0.8536150455474854,5.0,1.7121976263008196,6,5,2,1,0
PHD_5192,2.0,2.3949673891067507,1.4142135,0.434456517919898,4.0,0.3228481583886441,6,5,2,3,4
PHD_5193,3.1622777,1.6796691417694092,3.6055512,0.9924498558044432,0.0,0.8632818395022968,6,5,0,0,2
PHD_5206,3.0,2.722387504577637,4.1231055,0.7472250521183014,1.0,1.5240116229103446,6,5,2,1,0
PHD_5209,2.828427,1.9268827438354488,2.236068,0.4487882018089294,4.1231055,0.6754344106082836,6,5,1,3,3
PHD_5227,2.828427,2.3313708305358887,2.236068,1.0118153750896457,2.0,1.4280271753726856,6,5,1,0,0
PHD_5235,6.0,1.7340092658996582,5.0,0.7786782711744309,5.0990195,1.1833899633232432,6,5,0,1,1
PHD_5239,2.236068,2.625400495529175,3.1622777,0.5759195730090141,1.4142135,0.8867645571171365,6,5,2,2,2
PHD_5250,2.828427,1.482842707633972,2.236068,0.8881936609745026,3.6055512,1.7897632070233849,6,5,0,0,0
PHD_5254,17.720045,23.76296091079712,2.236068,0.0225210881326347,2.236068,0.0724585471839349,6,5,4,4,4
PHD_5255,3.1622777,2.728197240829468,5.3851647,0.790977557003498,2.0,1.7289710587495484,6,5,2,1,0
PHD_5263,5.0,2.09442720413208,5.656854,0.8384715169668198,4.1231055,1.87766379251516,6,5,1,1,0
PHD_5272,4.472136,6.267168474197388,4.2426405,0.0861848579486832,7.2111025,0.3655869694939987,6,5,4,4,4
PHD_5277,2.236068,1.2,2.236068,0.5891637809574604,2.236068,1.160740424343618,6,5,0,2,1
PHD_5282,2.0,2.531370830535889,1.0,0.8820140779018402,0.0,1.269618039793313,6,5,2,0,1
PHD_5284,4.0,1.4128990173339844,3.0,0.4733055353164673,5.0990195,0.660842320029646,6,5,0,2,3
PHD_5289,3.0,2.375410866737366,4.1231055,0.4153841584920883,5.0,0.4426209648144156,6,5,2,3,3
PHD_5308,2.0,0.9300563097000122,2.0,1.248434853553772,2.0,1.4324273039040387,6,5,0,0,0
PHD_5310,4.0,3.095507574081421,6.0,0.3361263319849968,1.4142135,0.5830834582526155,6,5,2,3,3
PHD_5316,4.2426405,1.5416408061981202,4.2426405,0.9301910996437072,4.1231055,0.6941936702107387,6,5,0,0,3
PHD_5320,8.246211,3.478315019607544,6.3245554,0.5703524589538574,13.928389,0.5364127653956319,6,5,3,2,3
PHD_5323,8.246211,18.19808139801025,8.246211,0.2127488199736035,5.3851647,0.8968101548992894,6,5,4,4,2
PHD_5331,3.6055512,3.025400495529175,2.236068,0.3280770234763622,6.0827627,0.5167844167468159,6,5,2,3,3
PHD_5334,6.4031243,6.831236696243286,2.0,0.2484314478933811,5.0990195,0.1513399686493424,6,5,4,4,4
PHD_5338,1.4142135,1.8128990173339845,1.0,0.6174072459340095,1.0,0.9390499327757956,6,5,0,1,2
PHD_5341,4.2426405,5.916589784622192,1.0,0.1301186983764637,5.0990195,0.3399271800834028,6,5,4,4,4
PHD_5346,6.708204,1.7656854152679444,6.708204,0.4794090747833252,7.615773,1.111563572274607,6,5,0,2,1
PHD_5384,3.1622777,2.7160776376724245,2.236068,0.5293451804667711,2.236068,1.5303818430597675,6,5,2,2,0
PHD_5389,2.236068,3.3770357608795165,3.6055512,0.3595317408442497,1.0,0.995196997319498,6,5,2,3,2
PHD_5401,2.236068,2.330056309700012,1.4142135,0.8164696753025055,2.236068,1.669190069618558,6,5,1,1,0
PHD_5402,2.0,1.7772699117660522,3.1622777,0.7091987507883459,1.0,0.7345182866361782,6,5,0,1,3
PHD_5403,7.0,2.119048309326172,6.0827627,0.49698196798563,6.0,0.1177888571430574,6,5,1,2,4
PHD_5429,5.0,1.6485281229019164,5.0,0.8680902302265168,5.3851647,0.8403258693837363,6,5,0,1,2
PHD_5435,2.0,2.582537364959717,2.0,0.7047419905662536,1.4142135,1.0317455370841837,6,5,2,1,2
PHD_5443,2.0,5.114568710327148,1.4142135,0.423885254561901,6.0827627,0.4423036355446234,6,5,3,3,3
PHD_5450,12.0415945,30.74359893798828,3.1622777,0.2541421837173402,7.2111025,0.2910399561540552,6,5,4,4,4
PHD_5452,5.0,2.482842707633972,5.656854,0.8956054091453552,7.2111025,1.2207997561386514,6,5,2,0,1
PHD_5453,2.0,1.0828427076339722,2.0,1.2269794464111328,2.828427,1.8989450734335904,6,5,0,0,0
PHD_5462,3.0,1.6485281229019164,3.0,0.525449937582016,3.0,0.6706363944404192,6,5,0,2,3
PHD_5480,4.1231055,1.69442720413208,3.1622777,0.7784430861473084,2.0,1.1482262124795808,6,5,0,1,1
PHD_5482,8.485281,5.724795722961426,5.0,0.1384801982436329,9.486833,0.0988444206258809,6,5,4,4,4
PHD_5502,5.3851647,1.3656854152679443,6.0827627,0.7503194153308869,6.3245554,1.229408975370991,6,5,0,1,1
PHD_5508,4.2426405,1.7211102485656735,4.2426405,0.8339527696371078,1.0,1.2938275189443964,6,5,0,1,1
PHD_5509,4.1231055,1.7152982473373413,4.1231055,0.7073700726032257,1.0,1.473528272172109,6,5,0,1,0
PHD_5517,3.0,1.331370830535889,4.1231055,0.6995951712131501,2.236068,0.653967382683212,6,5,0,1,3
PHD_5518,5.0,1.6,4.0,0.8365997076034546,7.0,1.3346044221034994,6,5,0,1,1
PHD_5522,2.828427,1.282842707633972,2.236068,1.444661593437195,2.0,1.2748519389824744,6,5,0,0,1
PHD_5524,0.0,2.532084918022156,1.0,0.8684907674789428,2.0,1.533397761797667,6,5,2,1,0
PHD_5535,10.440307,10.975653910636902,3.0,0.1865496911108493,37.0,0.4532225583910723,6,5,4,4,3
PHD_5555,5.0990195,1.6649110794067383,5.0990195,1.1794767498970031,2.0,0.9680340166795712,6,5,0,0,2
PHD_5565,3.0,1.9625118494033813,2.0,0.8709965109825134,0.0,1.599131471067263,7,6,2,1,0
PHD_5582,2.236068,3.8204066276550295,2.0,0.4865040823817253,3.6055512,0.9693387413776238,7,6,4,3,1
PHD_5591,1.4142135,1.8731492280960085,2.236068,0.570391858369112,2.0,0.6936389748974426,7,6,1,3,3
PHD_5596,2.828427,2.051166558265686,1.4142135,0.809357327222824,3.0,0.8367051270625532,7,6,2,1,2
PHD_5607,1.0,1.7981409549713134,2.236068,0.7882698625326157,3.6055512,1.5025483079217303,7,6,1,1,0
PHD_5619,3.1622777,1.9683238506317136,4.0,1.2554604411125183,1.0,1.3896361835713051,7,6,2,0,0
PHD_5631,0.0,1.1300563097000125,0.0,1.0123379111289978,2.236068,1.1167750325350148,7,6,0,0,1
PHD_5713,19.313208,9.5119295835495,22.803509,0.1626276145689189,2.236068,0.4906218476208144,7,6,4,4,4
PHD_5718,3.1622777,4.43112530708313,1.0,0.1387054026126861,5.0990195,0.2110866612396061,7,6,4,4,4
PHD_5719,4.0,4.706600093841553,1.4142135,0.1896050284616649,1.4142135,0.1596587867014505,7,6,4,4,4
PHD_5727,4.1231055,3.060617542266846,4.1231055,0.3387728080153465,4.1231055,0.8055008299672766,7,6,3,4,2
PHD_5767,0.0,2.1203628301620485,1.0,1.1619586586952209,4.1231055,0.9912172385687888,7,6,2,0,1
PHD_5777,3.6055512,2.0097254514694214,3.1622777,0.6195875227451324,5.0990195,0.4442969615963322,7,6,2,2,4
PHD_5801,2.236068,0.9300563097000122,2.236068,1.544756281375885,2.236068,2.2712477834120204,7,6,0,0,0
PHD_5806,1.4142135,1.7313708305358886,0.0,0.5829717099666596,3.1622777,1.5907685465901178,7,6,1,3,0
PHD_5812,2.236068,1.4485281229019165,2.236068,1.3348060607910155,3.0,1.0672196717084943,7,6,0,0,1
PHD_5821,11.7046995,6.181232738494873,12.165525,0.0709812072353088,5.0,0.0919192701259904,7,6,4,4,4
PHD_5826,2.236068,3.1203628301620485,1.4142135,0.4917637437582016,1.4142135,0.844202982489924,7,6,3,3,2
PHD_5868,2.236068,1.4485281229019165,2.236068,0.7577978134155273,3.6055512,1.1171518580485538,7,6,0,1,1
PHD_5874,4.0,1.3981409549713135,4.1231055,0.7066359221935272,3.1622777,0.64601511329077,7,6,0,2,3
PHD_5879,3.6055512,1.0828427076339722,3.1622777,1.077233374118805,2.828427,1.4666398628719666,7,6,0,0,0
PHD_5895,2.236068,2.6751739025115966,2.828427,0.6245933949947358,2.828427,1.685199712900891,7,6,3,2,0
PHD_5900,3.1622777,3.2541629314422607,4.2426405,0.8315924167633056,6.0,0.8083638098620105,7,6,3,1,2
PHD_5903,23.086792,2.3871329545974733,22.203604,0.3199725037440658,25.179358,0.4139920012465869,7,6,3,4,4
PHD_5923,2.236068,1.5268827438354493,2.236068,0.8992339015007019,2.236068,0.8451877144068304,7,6,1,1,2
PHD_5930,4.1231055,1.6485281229019164,4.1231055,0.711051207780838,6.0827627,0.696350790996027,7,6,1,2,2
PHD_5949,4.1231055,1.3772699117660523,3.1622777,0.7100056767463684,4.0,1.1036320582606345,7,6,0,2,1
PHD_5969,5.8309517,1.4,5.8309517,0.5149389207363129,5.3851647,0.7437287696705602,7,6,0,3,2
PHD_5977,5.0990195,3.120225191116333,3.1622777,0.4488963842391967,11.7046995,0.2066038176963306,7,6,3,3,4
PHD_6003,3.6055512,2.49442720413208,5.656854,0.2843793782871217,6.3245554,0.6893954184481417,7,6,3,4,3
PHD_6013,3.0,1.6128990173339843,2.236068,1.0529600262641907,4.1231055,0.9543493267372416,7,6,1,0,1
PHD_6061,2.0,2.286795663833618,3.0,0.7218353152275085,3.0,1.5408660739968112,7,6,3,2,0
PHD_6067,3.0,2.190168929100037,4.1231055,0.6801840841770173,1.4142135,1.0544727919750907,7,6,3,2,1
PHD_6073,1.4142135,2.0925681591033936,1.0,0.5289208203554153,2.236068,0.8053381138475983,7,6,2,3,2
PHD_6083,2.828427,1.4809836626052857,2.828427,0.8809421539306641,3.1622777,1.2384963049397184,7,6,1,1,0
PHD_6104,2.236068,1.6796691417694092,1.4142135,0.77158981859684,3.6055512,0.5162944035916985,7,6,1,1,4
PHD_6141,2.0,0.6,2.0,1.086474323272705,2.0,0.6851041078088232,7,6,0,0,3
PHD_6145,3.1622777,2.871834707260132,2.236068,0.2933900630101561,5.0,0.151365196015995,7,6,3,4,4
PHD_6164,1.4142135,1.331370830535889,2.0,0.998214828968048,0.0,1.3336449447404464,7,6,0,0,0
PHD_6167,3.6055512,1.0485281229019163,3.6055512,1.1756381154060365,3.6055512,1.2962258094826902,7,6,0,0,0
PHD_618,4.1231055,1.730056309700012,3.1622777,0.8947063863277436,3.0,1.291646497688855,7,6,1,1,0
PHD_6181,1.0,2.0,1.4142135,0.6731549233198166,4.1231055,0.5497321389037966,7,6,2,2,4
PHD_6202,3.1622777,1.9300563097000123,2.236068,0.6176130414009094,6.0827627,0.855938241786039,7,6,1,2,2
PHD_6203,2.0,1.3656854152679443,1.0,0.9222965836524964,3.1622777,0.8898253303153643,7,6,0,0,2
PHD_6228,1.0,2.14164080619812,0.0,0.5426042914390564,2.828427,0.2765196444541216,7,6,2,3,4
PHD_6235,1.0,3.1692013263702394,1.0,0.5012258633971214,2.0,0.915889985854694,7,6,3,3,1
PHD_6238,6.3245554,1.3300563097000122,7.071068,0.5941363394260406,4.472136,0.7935033194962142,7,6,0,2,2
PHD_6243,3.1622777,3.887225246429443,4.1231055,0.424517760425806,8.944272,0.1191356533716273,7,6,4,3,4
PHD_6253,8.485281,2.647992992401123,8.485281,0.3211443781852722,11.401754,0.6089084385883731,7,6,3,4,3
PHD_6326,13.601471,5.433512926101685,11.401754,0.1895740382373333,9.219544,0.225547762362141,7,6,4,4,4
PHD_6478,2.0,1.3656854152679443,2.236068,0.8055424779653549,2.0,0.5635837271306895,7,6,0,1,4
PHD_78,3.0,2.471834707260132,3.1622777,0.9299935698509216,5.0,1.4033007954804584,7,6,3,0,0
PHD_103,8.246211,3.9498602151870728,6.0827627,0.23400788907893,5.3851647,0.5198911229082027,0,7,3,3,3
PHD_107,16.124516,16.453273963928222,8.602325,0.2157355098926928,16.124516,0.2493653126143625,0,7,4,3,4
PHD_108,3.6055512,1.803952956199646,3.6055512,1.1385406374931335,2.828427,1.4775918932649983,0,7,1,0,0
PHD_1087,29.017237,11.527753353118896,28.284271,0.0738611564451275,41.0,0.1894956406669294,0,7,4,4,4
PHD_1089,10.0,5.809026050567627,12.083046,0.1485161871649324,14.142136,0.0941620896502026,0,7,3,4,4
PHD_1100,10.0,3.3173650741577148,9.0,0.304118825495243,15.033297,0.4560951478283214,0,7,3,3,3
PHD_1104,2.236068,1.8601126194000244,1.4142135,0.7992645666003227,2.236068,1.586553543597892,0,7,1,1,0
PHD_1117,35.468296,63.40761489868164,4.1231055,0.0779020339250564,85.70297,0.1428360869337121,0,7,4,4,4
PHD_1155,7.615773,1.44721360206604,9.848858,0.9966438710689544,5.3851647,1.4343013600889585,0,7,0,0,0
PHD_1165,3.1622777,2.2198039054870606,4.1231055,1.0410224080085757,4.1231055,1.314995284321293,0,7,1,0,0
PHD_117,3.1622777,6.2669047832489015,3.6055512,0.1875414118170738,5.0990195,0.3345343367207674,0,7,3,4,4
PHD_1234,4.0,1.3656854152679443,3.0,1.1914026618003846,3.0,1.2783247977044574,0,7,0,0,0
PHD_125,4.1231055,3.40584397315979,2.0,0.4476236619055271,5.0,1.0310004784786635,0,7,3,2,1
PHD_1281,2.236068,2.04721360206604,1.0,0.961138142645359,1.4142135,1.1515736055044423,0,7,1,0,0
PHD_13,3.0,5.587951040267944,2.828427,0.3094492763280868,5.0,0.3486825199497113,0,7,3,3,3
PHD_1305,1.0,1.69442720413208,2.236068,0.6515635192394257,2.236068,0.9538064314671786,0,7,1,1,1
PHD_1327,3.1622777,6.317216062545777,5.0990195,0.3369156651198864,5.0,0.1477200459119221,0,7,3,3,4
PHD_1332,4.1231055,3.434549427032471,1.4142135,0.3784639001823962,7.2111025,0.7093537544128292,0,7,3,3,2
PHD_134,2.236068,4.466473007202149,6.0,0.2740546949207783,6.708204,0.235329386680122,0,7,3,3,4
PHD_1359,5.8309517,2.881463623046875,5.656854,0.4053993582725524,8.246211,0.7698859887717524,0,7,2,3,2
PHD_1372,5.3851647,3.6948925256729126,7.615773,0.3265916771953925,7.615773,0.9238298723022426,0,7,3,3,1
PHD_1422,4.472136,9.047894763946534,8.485281,0.1267323875799775,13.416408,0.2741227124615275,0,7,4,4,4
PHD_144,2.0,3.095507574081421,3.6055512,0.5174545571208,1.4142135,0.6168560707985034,0,7,2,2,3
PHD_145,5.656854,3.860689067840576,5.3851647,0.3156516352202743,9.433981,0.1849080796255404,0,7,3,3,4
PHD_149,3.1622777,2.8873721599578857,5.0990195,0.2722083278000354,2.236068,0.5183570153582037,0,7,2,3,3
PHD_152,5.0990195,1.632455539703369,4.472136,0.9210184037685394,4.1231055,1.873796846293548,0,7,0,0,0
PHD_1546,29.206163,28.696831512451173,17.262676,0.0673468196990143,16.643316,0.0514668846844802,0,7,4,4,4
PHD_1566,17.464249,15.55730323791504,6.0827627,0.225224483013153,1.0,0.314611636816256,0,7,4,3,4
PHD_1598,23.0,13.107393646240237,18.0,0.1573904718257836,17.464249,0.0809943746757757,0,7,4,4,4
PHD_1640,15.132746,15.747468948364258,34.058773,0.1268996656133595,5.3851647,0.1480634822658082,0,7,4,4,4
PHD_1676,2.236068,1.9152982473373408,3.1622777,0.5753857076168061,1.0,1.0086076572307914,0,7,1,2,1
PHD_1677,14.142136,11.386634731292723,7.0,0.160952501790598,4.0,0.3567914836095849,0,7,4,4,3
PHD_1811,3.1622777,1.6128990173339843,3.0,0.70504509806633,4.0,1.3760315036557436,0,7,0,1,0
PHD_1824,14.3178215,2.969103240966797,14.3178215,0.4437438189983368,18.027756,0.6832132032141564,0,7,2,2,3
PHD_1828,9.055386,14.233204460144044,3.0,0.1361306188311573,4.1231055,0.0905080912239452,0,7,4,4,4
PHD_19,25.612497,7.306422901153565,30.479502,0.3093107912223786,29.732138,0.324471760835415,0,7,3,3,4
PHD_1943,3.1622777,1.568323850631714,3.0,0.8522359132766724,3.1622777,0.9127942679390768,0,7,0,1,1
PHD_1947,16.124516,15.231911849975583,10.440307,0.2475702062249183,53.037724,0.6607004765818464,0,7,4,3,3
PHD_196,3.0,7.192690658569336,4.1231055,0.1074799363967031,3.6055512,0.2199856548290824,0,7,3,4,4
PHD_197,1.0,1.8957417249679565,1.4142135,1.0946534097194671,2.236068,1.6903432033503596,0,7,1,0,0
PHD_2006,2.236068,3.2873005867004395,2.0,0.3869791388511657,3.6055512,0.990788472850756,0,7,2,3,1
PHD_2011,5.656854,1.5625118494033814,5.0,0.8524040289223194,5.0,1.4412243989729343,0,7,0,1,0
PHD_2044,26.172504,8.91331582069397,24.5153,0.1820664606289938,31.575306,0.2560539247815147,0,7,4,4,4
PHD_205,7.81025,2.1625118494033813,8.485281,1.139097309112549,8.602325,1.592092898653322,0,7,1,0,0
PHD_206,4.472136,1.8453545570373533,4.472136,0.5226521074771882,4.472136,1.0285364134977817,0,7,1,2,1
PHD_2065,6.0,1.790306520462036,6.0827627,0.6541663333773613,6.0827627,0.9117131827755396,0,7,1,1,1
PHD_2110,2.236068,2.519048309326172,1.0,0.5827033132314682,2.236068,0.8981304733913024,0,7,1,2,1
PHD_2112,10.440307,17.11724681854248,9.0,0.1544437488308176,9.0,0.5900908981976432,0,7,4,4,3
PHD_2122,13.0,6.661170053482056,12.083046,0.2186259946553036,12.083046,0.8440931616988079,0,7,3,3,2
PHD_2124,15.0,2.2168519735336303,14.0,0.6697273969650268,18.110771,1.1643167386527222,0,7,1,1,0
PHD_213,24.0,25.42012405395508,41.303753,0.0095535101310815,41.303753,0.0473930778197464,0,7,4,4,4
PHD_2136,7.071068,2.0670175075531008,7.2111025,0.5891381144523621,8.602325,1.163174197904434,0,7,1,1,0
PHD_2150,3.6055512,11.429867887496949,10.198039,0.1743930583819747,11.401754,0.4656815218854928,0,7,4,4,3
